"weeknum","pref","resview","Week"
"1","Yamanashi",-8.01550368,"2020年1月第1週"
"1","Gunma",-0.230854753,"2020年1月第1週"
"1","Ibaragi",-6.691429943,"2020年1月第1週"
"1","Tochigi",-7.420921623,"2020年1月第1週"
"1","Nagano",-8.080304191,"2020年1月第1週"
"1","Shizuoka",-3.105810674,"2020年1月第1週"
"2","Yamanashi",-4.687989325,"2020年1月第2週"
"2","Gunma",-2.285599143,"2020年1月第2週"
"2","Ibaragi",-3.028394168,"2020年1月第2週"
"2","Tochigi",-9.839000932,"2020年1月第2週"
"2","Nagano",-7.556710018,"2020年1月第2週"
"2","Shizuoka",-4.478782345,"2020年1月第2週"
"3","Yamanashi",-6.764005522,"2020年1月第3週"
"3","Gunma",3.24702333,"2020年1月第3週"
"3","Ibaragi",-2.489891712,"2020年1月第3週"
"3","Tochigi",-7.064713977,"2020年1月第3週"
"3","Nagano",-2.137822013,"2020年1月第3週"
"3","Shizuoka",-3.819798083,"2020年1月第3週"
"4","Yamanashi",-0.678182298,"2020年1月第4週"
"4","Gunma",5.975943258,"2020年1月第4週"
"4","Ibaragi",2.734368236,"2020年1月第4週"
"4","Tochigi",-1.229192488,"2020年1月第4週"
"4","Nagano",5.504448502,"2020年1月第4週"
"4","Shizuoka",2.639338169,"2020年1月第4週"
"5","Yamanashi",-5.805434574,"2020年1月第5週"
"5","Gunma",-0.304457168,"2020年1月第5週"
"5","Ibaragi",3.523025133,"2020年1月第5週"
"5","Tochigi",-5.22926598,"2020年1月第5週"
"5","Nagano",-0.136266513,"2020年1月第5週"
"5","Shizuoka",-0.348095979,"2020年1月第5週"
"1","Yamanashi",-10.026661504,"2020年2月第1週"
"1","Gunma",-3.823966337,"2020年2月第1週"
"1","Ibaragi",3.832124188,"2020年2月第1週"
"1","Tochigi",-2.769067925,"2020年2月第1週"
"1","Nagano",-9.119350405,"2020年2月第1週"
"1","Shizuoka",-4.231370774,"2020年2月第1週"
"2","Yamanashi",4.696892037,"2020年2月第2週"
"2","Gunma",9.101489814,"2020年2月第2週"
"2","Ibaragi",11.736586186,"2020年2月第2週"
"2","Tochigi",3.19429184,"2020年2月第2週"
"2","Nagano",3.564069554,"2020年2月第2週"
"2","Shizuoka",5.332259787,"2020年2月第2週"
"3","Yamanashi",6.983863844,"2020年2月第3週"
"3","Gunma",5.77219484,"2020年2月第3週"
"3","Ibaragi",1.841845583,"2020年2月第3週"
"3","Tochigi",-4.873975068,"2020年2月第3週"
"3","Nagano",-0.019396793,"2020年2月第3週"
"3","Shizuoka",-0.516870306,"2020年2月第3週"
"4","Yamanashi",-7.433359436,"2020年2月第4週"
"4","Gunma",-4.975000252,"2020年2月第4週"
"4","Ibaragi",-13.647868622,"2020年2月第4週"
"4","Tochigi",-19.638723169,"2020年2月第4週"
"4","Nagano",-13.18145172,"2020年2月第4週"
"4","Shizuoka",-14.309897591,"2020年2月第4週"
"1","Yamanashi",-18.755143092,"2020年3月第1週"
"1","Gunma",-14.032365705,"2020年3月第1週"
"1","Ibaragi",-16.83485623,"2020年3月第1週"
"1","Tochigi",-20.959512319,"2020年3月第1週"
"1","Nagano",-20.69764469,"2020年3月第1週"
"1","Shizuoka",-20.202320147,"2020年3月第1週"
"2","Yamanashi",-21.184163823,"2020年3月第2週"
"2","Gunma",-11.154707983,"2020年3月第2週"
"2","Ibaragi",-12.518455238,"2020年3月第2週"
"2","Tochigi",-12.383466178,"2020年3月第2週"
"2","Nagano",-15.760494748,"2020年3月第2週"
"2","Shizuoka",-12.810196284,"2020年3月第2週"
"3","Yamanashi",-5.008611094,"2020年3月第3週"
"3","Gunma",-10.310476406,"2020年3月第3週"
"3","Ibaragi",-7.859119142,"2020年3月第3週"
"3","Tochigi",-9.949683759,"2020年3月第3週"
"3","Nagano",-13.840748185,"2020年3月第3週"
"3","Shizuoka",-5.77022105,"2020年3月第3週"
"4","Yamanashi",-30.556088102,"2020年3月第4週"
"4","Gunma",-25.591598408,"2020年3月第4週"
"4","Ibaragi",-27.148713761,"2020年3月第4週"
"4","Tochigi",-28.373487537,"2020年3月第4週"
"4","Nagano",-26.646892233,"2020年3月第4週"
"4","Shizuoka",-24.541077,"2020年3月第4週"
"1","Yamanashi",-55.898318043,"2020年4月第1週"
"1","Gunma",-42.117304121,"2020年4月第1週"
"1","Ibaragi",-46.069045606,"2020年4月第1週"
"1","Tochigi",-46.487184788,"2020年4月第1週"
"1","Nagano",-47.310457048,"2020年4月第1週"
"1","Shizuoka",-48.804023544,"2020年4月第1週"
"2","Yamanashi",-64.865534955,"2020年4月第2週"
"2","Gunma",-51.334424251,"2020年4月第2週"
"2","Ibaragi",-56.897899034,"2020年4月第2週"
"2","Tochigi",-56.065627399,"2020年4月第2週"
"2","Nagano",-62.076990444,"2020年4月第2週"
"2","Shizuoka",-60.500410488,"2020年4月第2週"
"3","Yamanashi",-61.920026038,"2020年4月第3週"
"3","Gunma",-51.671223912,"2020年4月第3週"
"3","Ibaragi",-57.331941193,"2020年4月第3週"
"3","Tochigi",-55.801757461,"2020年4月第3週"
"3","Nagano",-63.544607369,"2020年4月第3週"
"3","Shizuoka",-60.559319678,"2020年4月第3週"
"4","Yamanashi",-75.463393364,"2020年4月第4週"
"4","Gunma",-57.138147517,"2020年4月第4週"
"4","Ibaragi",-63.67527041,"2020年4月第4週"
"4","Tochigi",-65.854847593,"2020年4月第4週"
"4","Nagano",-71.853063039,"2020年4月第4週"
"4","Shizuoka",-68.699868284,"2020年4月第4週"
"5","Yamanashi",-85.300651297,"2020年4月第5週"
"5","Gunma",-68.972456938,"2020年4月第5週"
"5","Ibaragi",-73.00153027,"2020年4月第5週"
"5","Tochigi",-76.752142074,"2020年4月第5週"
"5","Nagano",-81.927852605,"2020年4月第5週"
"5","Shizuoka",-79.975602105,"2020年4月第5週"
"1","Yamanashi",-61.918842449,"2020年5月第1週"
"1","Gunma",-38.010588816,"2020年5月第1週"
"1","Ibaragi",-43.714683661,"2020年5月第1週"
"1","Tochigi",-46.429485823,"2020年5月第1週"
"1","Nagano",-55.939701053,"2020年5月第1週"
"1","Shizuoka",-51.681470428,"2020年5月第1週"
"2","Yamanashi",-66.157092603,"2020年5月第2週"
"2","Gunma",-46.841973053,"2020年5月第2週"
"2","Ibaragi",-50.205577033,"2020年5月第2週"
"2","Tochigi",-51.308010928,"2020年5月第2週"
"2","Nagano",-59.430113144,"2020年5月第2週"
"2","Shizuoka",-57.158920998,"2020年5月第2週"
"3","Yamanashi",-58.548025202,"2020年5月第3週"
"3","Gunma",-27.554114968,"2020年5月第3週"
"3","Ibaragi",-37.451944105,"2020年5月第3週"
"3","Tochigi",-42.363879479,"2020年5月第3週"
"3","Nagano",-52.137173621,"2020年5月第3週"
"3","Shizuoka",-47.672054756,"2020年5月第3週"
"4","Yamanashi",-52.301211352,"2020年5月第4週"
"4","Gunma",-31.196058209,"2020年5月第4週"
"4","Ibaragi",-31.333202275,"2020年5月第4週"
"4","Tochigi",-36.321306948,"2020年5月第4週"
"4","Nagano",-45.468652978,"2020年5月第4週"
"4","Shizuoka",-41.118349422,"2020年5月第4週"
"1","Yamanashi",-47.224102406,"2020年6月第1週"
"1","Gunma",-29.135090964,"2020年6月第1週"
"1","Ibaragi",-23.639699112,"2020年6月第1週"
"1","Tochigi",-32.049953246,"2020年6月第1週"
"1","Nagano",-38.977741876,"2020年6月第1週"
"1","Shizuoka",-32.225219361,"2020年6月第1週"
"2","Yamanashi",-39.612825631,"2020年6月第2週"
"2","Gunma",-23.914655412,"2020年6月第2週"
"2","Ibaragi",-19.864053879,"2020年6月第2週"
"2","Tochigi",-25.673836963,"2020年6月第2週"
"2","Nagano",-29.165500063,"2020年6月第2週"
"2","Shizuoka",-26.416474554,"2020年6月第2週"
"3","Yamanashi",-22.876750232,"2020年6月第3週"
"3","Gunma",-18.605838366,"2020年6月第3週"
"3","Ibaragi",-9.965806399,"2020年6月第3週"
"3","Tochigi",-17.1703232,"2020年6月第3週"
"3","Nagano",-17.622708894,"2020年6月第3週"
"3","Shizuoka",-13.856658805,"2020年6月第3週"
"4","Yamanashi",-17.985407861,"2020年6月第4週"
"4","Gunma",-17.589807481,"2020年6月第4週"
"4","Ibaragi",-12.860397526,"2020年6月第4週"
"4","Tochigi",-17.707089707,"2020年6月第4週"
"4","Nagano",-16.538001247,"2020年6月第4週"
"4","Shizuoka",-11.202007774,"2020年6月第4週"
"1","Yamanashi",-23.148581166,"2020年7月第1週"
"1","Gunma",-16.626018832,"2020年7月第1週"
"1","Ibaragi",-15.234905753,"2020年7月第1週"
"1","Tochigi",-20.700277526,"2020年7月第1週"
"1","Nagano",-23.938660002,"2020年7月第1週"
"1","Shizuoka",-16.217987122,"2020年7月第1週"
"2","Yamanashi",-33.848525847,"2020年7月第2週"
"2","Gunma",-17.391704511,"2020年7月第2週"
"2","Ibaragi",-15.848076573,"2020年7月第2週"
"2","Tochigi",-23.92502053,"2020年7月第2週"
"2","Nagano",-27.282566457,"2020年7月第2週"
"2","Shizuoka",-24.713493052,"2020年7月第2週"
"3","Yamanashi",-7.851154688,"2020年7月第3週"
"3","Gunma",-8.494700572,"2020年7月第3週"
"3","Ibaragi",-8.898517055,"2020年7月第3週"
"3","Tochigi",-17.226416464,"2020年7月第3週"
"3","Nagano",-20.40306843,"2020年7月第3週"
"3","Shizuoka",-14.727113046,"2020年7月第3週"
"4","Yamanashi",-3.176500474,"2020年7月第4週"
"4","Gunma",6.318277237,"2020年7月第4週"
"4","Ibaragi",7.96460177,"2020年7月第4週"
"4","Tochigi",-0.566943902,"2020年7月第4週"
"4","Nagano",-5.205683316,"2020年7月第4週"
"4","Shizuoka",-2.856563346,"2020年7月第4週"
"5","Yamanashi",-36.372401448,"2020年7月第5週"
"5","Gunma",-15.187858287,"2020年7月第5週"
"5","Ibaragi",-17.086096216,"2020年7月第5週"
"5","Tochigi",-26.733412644,"2020年7月第5週"
"5","Nagano",-33.303080973,"2020年7月第5週"
"5","Shizuoka",-33.047424169,"2020年7月第5週"
"1","Yamanashi",-22.559349273,"2020年8月第1週"
"1","Gunma",-16.564180796,"2020年8月第1週"
"1","Ibaragi",-16.395496794,"2020年8月第1週"
"1","Tochigi",-16.030047022,"2020年8月第1週"
"1","Nagano",-31.180464923,"2020年8月第1週"
"1","Shizuoka",-27.443547627,"2020年8月第1週"
"2","Yamanashi",-37.986699093,"2020年8月第2週"
"2","Gunma",-39.872590744,"2020年8月第2週"
"2","Ibaragi",-35.787828431,"2020年8月第2週"
"2","Tochigi",-40.051600111,"2020年8月第2週"
"2","Nagano",-45.105106296,"2020年8月第2週"
"2","Shizuoka",-42.252078357,"2020年8月第2週"
"3","Yamanashi",-21.338648401,"2020年8月第3週"
"3","Gunma",-20.18090923,"2020年8月第3週"
"3","Ibaragi",-12.84695574,"2020年8月第3週"
"3","Tochigi",-18.667717161,"2020年8月第3週"
"3","Nagano",-26.9451984,"2020年8月第3週"
"3","Shizuoka",-23.210408845,"2020年8月第3週"
"4","Yamanashi",-17.232230438,"2020年8月第4週"
"4","Gunma",-9.799688769,"2020年8月第4週"
"4","Ibaragi",-13.691556217,"2020年8月第4週"
"4","Tochigi",-13.185701817,"2020年8月第4週"
"4","Nagano",-25.202397381,"2020年8月第4週"
"4","Shizuoka",-18.865488076,"2020年8月第4週"
"1","Yamanashi",-17.847761288,"2020年9月第1週"
"1","Gunma",-17.65023405,"2020年9月第1週"
"1","Ibaragi",-12.531091807,"2020年9月第1週"
"1","Tochigi",-15.04698821,"2020年9月第1週"
"1","Nagano",-26.374769101,"2020年9月第1週"
"1","Shizuoka",-16.289779634,"2020年9月第1週"
"2","Yamanashi",-12.88922954,"2020年9月第2週"
"2","Gunma",-12.267085384,"2020年9月第2週"
"2","Ibaragi",-7.980622005,"2020年9月第2週"
"2","Tochigi",-15.18405311,"2020年9月第2週"
"2","Nagano",-19.79896114,"2020年9月第2週"
"2","Shizuoka",-10.622423218,"2020年9月第2週"
"3","Yamanashi",15.331461432,"2020年9月第3週"
"3","Gunma",-14.229372952,"2020年9月第3週"
"3","Ibaragi",0.063083881,"2020年9月第3週"
"3","Tochigi",-4.518930764,"2020年9月第3週"
"3","Nagano",0.647778652,"2020年9月第3週"
"3","Shizuoka",3.682883352,"2020年9月第3週"
"4","Yamanashi",25.288080485,"2020年9月第4週"
"4","Gunma",-7.049279361,"2020年9月第4週"
"4","Ibaragi",0.924361216,"2020年9月第4週"
"4","Tochigi",-1.551292302,"2020年9月第4週"
"4","Nagano",6.518844944,"2020年9月第4週"
"4","Shizuoka",6.060776396,"2020年9月第4週"
"1","Yamanashi",1.322564744,"2020年10月第1週"
"1","Gunma",-17.215681386,"2020年10月第1週"
"1","Ibaragi",-9.391010689,"2020年10月第1週"
"1","Tochigi",-13.488279224,"2020年10月第1週"
"1","Nagano",-10.532286213,"2020年10月第1週"
"1","Shizuoka",-3.928215744,"2020年10月第1週"
"2","Yamanashi",40.546006067,"2020年10月第2週"
"2","Gunma",12.950675255,"2020年10月第2週"
"2","Ibaragi",25.213952247,"2020年10月第2週"
"2","Tochigi",22.965849055,"2020年10月第2週"
"2","Nagano",23.816643704,"2020年10月第2週"
"2","Shizuoka",28.640662932,"2020年10月第2週"
"3","Yamanashi",25.748834456,"2020年10月第3週"
"3","Gunma",1.104964446,"2020年10月第3週"
"3","Ibaragi",3.396336825,"2020年10月第3週"
"3","Tochigi",5.241495777,"2020年10月第3週"
"3","Nagano",27.043286307,"2020年10月第3週"
"3","Shizuoka",3.250927193,"2020年10月第3週"
"4","Yamanashi",17.93804563,"2020年10月第4週"
"4","Gunma",-5.142365125,"2020年10月第4週"
"4","Ibaragi",-2.451696736,"2020年10月第4週"
"4","Tochigi",-3.287520279,"2020年10月第4週"
"4","Nagano",11.17281057,"2020年10月第4週"
"4","Shizuoka",-1.179363097,"2020年10月第4週"
"5","Yamanashi",6.105343834,"2020年10月第5週"
"5","Gunma",-6.936036163,"2020年10月第5週"
"5","Ibaragi",-7.260835187,"2020年10月第5週"
"5","Tochigi",-11.943200148,"2020年10月第5週"
"5","Nagano",3.677401997,"2020年10月第5週"
"5","Shizuoka",-3.307058917,"2020年10月第5週"
"1","Yamanashi",15.863051434,"2020年11月第1週"
"1","Gunma",-6.020579674,"2020年11月第1週"
"1","Ibaragi",-1.861920108,"2020年11月第1週"
"1","Tochigi",-3.109395481,"2020年11月第1週"
"1","Nagano",14.16473108,"2020年11月第1週"
"1","Shizuoka",5.237437945,"2020年11月第1週"
"2","Yamanashi",8.40141555,"2020年11月第2週"
"2","Gunma",-12.28551794,"2020年11月第2週"
"2","Ibaragi",-10.387973408,"2020年11月第2週"
"2","Tochigi",-4.560282989,"2020年11月第2週"
"2","Nagano",1.197440255,"2020年11月第2週"
"2","Shizuoka",-5.641824899,"2020年11月第2週"
"3","Yamanashi",18.373313728,"2020年11月第3週"
"3","Gunma",-11.552796404,"2020年11月第3週"
"3","Ibaragi",-5.816776563,"2020年11月第3週"
"3","Tochigi",-3.394078317,"2020年11月第3週"
"3","Nagano",-0.249151516,"2020年11月第3週"
"3","Shizuoka",-4.169385,"2020年11月第3週"
"4","Yamanashi",0.221617332,"2020年11月第4週"
"4","Gunma",-15.124873044,"2020年11月第4週"
"4","Ibaragi",-15.669715364,"2020年11月第4週"
"4","Tochigi",-9.812546232,"2020年11月第4週"
"4","Nagano",-10.796363335,"2020年11月第4週"
"4","Shizuoka",-13.868875169,"2020年11月第4週"
"1","Yamanashi",-10.937347788,"2020年12月第1週"
"1","Gunma",-25.886712056,"2020年12月第1週"
"1","Ibaragi",-28.139730946,"2020年12月第1週"
"1","Tochigi",-19.684014079,"2020年12月第1週"
"1","Nagano",-20.252378982,"2020年12月第1週"
"1","Shizuoka",-23.408115912,"2020年12月第1週"
"2","Yamanashi",-16.903880996,"2020年12月第2週"
"2","Gunma",-13.744087521,"2020年12月第2週"
"2","Ibaragi",-25.356244021,"2020年12月第2週"
"2","Tochigi",-21.208604703,"2020年12月第2週"
"2","Nagano",-19.276061669,"2020年12月第2週"
"2","Shizuoka",-24.338028169,"2020年12月第2週"
"3","Yamanashi",-15.176312596,"2020年12月第3週"
"3","Gunma",-27.263648242,"2020年12月第3週"
"3","Ibaragi",-24.138885403,"2020年12月第3週"
"3","Tochigi",-24.043908009,"2020年12月第3週"
"3","Nagano",-24.661704027,"2020年12月第3週"
"3","Shizuoka",-25.376498631,"2020年12月第3週"
"4","Yamanashi",-19.16679251,"2020年12月第4週"
"4","Gunma",-30.542980839,"2020年12月第4週"
"4","Ibaragi",-20.988034434,"2020年12月第4週"
"4","Tochigi",-24.655304848,"2020年12月第4週"
"4","Nagano",-25.384641138,"2020年12月第4週"
"4","Shizuoka",-28.031343457,"2020年12月第4週"
"5","Yamanashi",-25.958729439,"2020年12月第5週"
"5","Gunma",-30.020944812,"2020年12月第5週"
"5","Ibaragi",-23.188010102,"2020年12月第5週"
"5","Tochigi",-29.456225016,"2020年12月第5週"
"5","Nagano",-31.870487053,"2020年12月第5週"
"5","Shizuoka",-30.129106801,"2020年12月第5週"
"1","Yamanashi",-42.760312603,"2021年1月第1週"
"1","Gunma",-36.099605977,"2021年1月第1週"
"1","Ibaragi",-32.132284117,"2021年1月第1週"
"1","Tochigi",-43.427182055,"2021年1月第1週"
"1","Nagano",-43.589941805,"2021年1月第1週"
"1","Shizuoka",-42.136874839,"2021年1月第1週"
"2","Yamanashi",-39.960922076,"2021年1月第2週"
"2","Gunma",-36.520090445,"2021年1月第2週"
"2","Ibaragi",-39.192935544,"2021年1月第2週"
"2","Tochigi",-49.688171599,"2021年1月第2週"
"2","Nagano",-43.413691059,"2021年1月第2週"
"2","Shizuoka",-43.444323577,"2021年1月第2週"
"3","Yamanashi",-39.767704019,"2021年1月第3週"
"3","Gunma",-43.847971838,"2021年1月第3週"
"3","Ibaragi",-43.950304333,"2021年1月第3週"
"3","Tochigi",-53.501927865,"2021年1月第3週"
"3","Nagano",-44.533435554,"2021年1月第3週"
"3","Shizuoka",-47.354179802,"2021年1月第3週"
"4","Yamanashi",-22.281844683,"2021年1月第4週"
"4","Gunma",-26.319842,"2021年1月第4週"
"4","Ibaragi",-25.838486289,"2021年1月第4週"
"4","Tochigi",-29.408802654,"2021年1月第4週"
"4","Nagano",-24.333963466,"2021年1月第4週"
"4","Shizuoka",-25.178349781,"2021年1月第4週"
"1","Yamanashi",-31.832375024,"2021年2月第1週"
"1","Gunma",-38.259284569,"2021年2月第1週"
"1","Ibaragi",-34.734514388,"2021年2月第1週"
"1","Tochigi",-39.729669818,"2021年2月第1週"
"1","Nagano",-34.294536658,"2021年2月第1週"
"1","Shizuoka",-33.594660418,"2021年2月第1週"
"2","Yamanashi",-32.718564209,"2021年2月第2週"
"2","Gunma",-37.464259064,"2021年2月第2週"
"2","Ibaragi",-29.827327516,"2021年2月第2週"
"2","Tochigi",-38.140660461,"2021年2月第2週"
"2","Nagano",-32.382350993,"2021年2月第2週"
"2","Shizuoka",-38.008879902,"2021年2月第2週"
"3","Yamanashi",-25.394902381,"2021年2月第3週"
"3","Gunma",-37.473926465,"2021年2月第3週"
"3","Ibaragi",-28.442976376,"2021年2月第3週"
"3","Tochigi",-36.766630042,"2021年2月第3週"
"3","Nagano",-26.966546441,"2021年2月第3週"
"3","Shizuoka",-32.81528152,"2021年2月第3週"
"4","Yamanashi",-22.77757274,"2021年2月第4週"
"4","Gunma",-32.926469272,"2021年2月第4週"
"4","Ibaragi",-25.00966534,"2021年2月第4週"
"4","Tochigi",-31.39731002,"2021年2月第4週"
"4","Nagano",-20.069584609,"2021年2月第4週"
"4","Shizuoka",-34.254206256,"2021年2月第4週"
"1","Yamanashi",-25.239154268,"2021年3月第1週"
"1","Gunma",-33.00407758,"2021年3月第1週"
"1","Ibaragi",-28.431356708,"2021年3月第1週"
"1","Tochigi",-36.272091033,"2021年3月第1週"
"1","Nagano",-22.592312844,"2021年3月第1週"
"1","Shizuoka",-33.010702287,"2021年3月第1週"
"2","Yamanashi",-22.356736308,"2021年3月第2週"
"2","Gunma",-26.290443505,"2021年3月第2週"
"2","Ibaragi",-27.85871709,"2021年3月第2週"
"2","Tochigi",-33.184854085,"2021年3月第2週"
"2","Nagano",-22.864082324,"2021年3月第2週"
"2","Shizuoka",-29.637569387,"2021年3月第2週"
"3","Yamanashi",-21.966143345,"2021年3月第3週"
"3","Gunma",-29.422262973,"2021年3月第3週"
"3","Ibaragi",-27.985939558,"2021年3月第3週"
"3","Tochigi",-31.278282049,"2021年3月第3週"
"3","Nagano",-25.91868555,"2021年3月第3週"
"3","Shizuoka",-30.205079433,"2021年3月第3週"
"4","Yamanashi",-21.470764287,"2021年3月第4週"
"4","Gunma",-29.028042677,"2021年3月第4週"
"4","Ibaragi",-25.806427017,"2021年3月第4週"
"4","Tochigi",-31.431997364,"2021年3月第4週"
"4","Nagano",-29.182858949,"2021年3月第4週"
"4","Shizuoka",-30.013302392,"2021年3月第4週"
"1","Yamanashi",-15.661614474,"2021年4月第1週"
"1","Gunma",-29.713787571,"2021年4月第1週"
"1","Ibaragi",-23.663576553,"2021年4月第1週"
"1","Tochigi",-31.250801659,"2021年4月第1週"
"1","Nagano",-26.435698643,"2021年4月第1週"
"1","Shizuoka",-24.031523639,"2021年4月第1週"
"2","Yamanashi",-27.324668705,"2021年4月第2週"
"2","Gunma",-29.579972766,"2021年4月第2週"
"2","Ibaragi",-23.660380107,"2021年4月第2週"
"2","Tochigi",-32.722467942,"2021年4月第2週"
"2","Nagano",-27.546651395,"2021年4月第2週"
"2","Shizuoka",-24.722133405,"2021年4月第2週"
"3","Yamanashi",-26.594197846,"2021年4月第3週"
"3","Gunma",-29.547103365,"2021年4月第3週"
"3","Ibaragi",-14.923356677,"2021年4月第3週"
"3","Tochigi",-32.313201221,"2021年4月第3週"
"3","Nagano",-35.303039892,"2021年4月第3週"
"3","Shizuoka",-31.521225915,"2021年4月第3週"
"4","Yamanashi",-33.093498571,"2021年4月第4週"
"4","Gunma",-37.26315055,"2021年4月第4週"
"4","Ibaragi",-28.199638606,"2021年4月第4週"
"4","Tochigi",-32.794529003,"2021年4月第4週"
"4","Nagano",-44.512055366,"2021年4月第4週"
"4","Shizuoka",-35.383611137,"2021年4月第4週"
"5","Yamanashi",-28.464240759,"2021年4月第5週"
"5","Gunma",-26.151647769,"2021年4月第5週"
"5","Ibaragi",-25.518216019,"2021年4月第5週"
"5","Tochigi",-30.823299787,"2021年4月第5週"
"5","Nagano",-35.861365549,"2021年4月第5週"
"5","Shizuoka",-29.263660695,"2021年4月第5週"
"1","Yamanashi",-53.709270673,"2021年5月第1週"
"1","Gunma",-49.172378162,"2021年5月第1週"
"1","Ibaragi",-42.209394943,"2021年5月第1週"
"1","Tochigi",-50.719602233,"2021年5月第1週"
"1","Nagano",-59.452763069,"2021年5月第1週"
"1","Shizuoka",-51.422973269,"2021年5月第1週"
"2","Yamanashi",-39.332733449,"2021年5月第2週"
"2","Gunma",-45.652493897,"2021年5月第2週"
"2","Ibaragi",-34.171782512,"2021年5月第2週"
"2","Tochigi",-42.409162374,"2021年5月第2週"
"2","Nagano",-43.076385992,"2021年5月第2週"
"2","Shizuoka",-40.895453937,"2021年5月第2週"
"3","Yamanashi",-41.24528339,"2021年5月第3週"
"3","Gunma",-44.766385019,"2021年5月第3週"
"3","Ibaragi",-33.35601621,"2021年5月第3週"
"3","Tochigi",-38.447368238,"2021年5月第3週"
"3","Nagano",-45.970010495,"2021年5月第3週"
"3","Shizuoka",-41.135225266,"2021年5月第3週"
"4","Yamanashi",-36.202708523,"2021年5月第4週"
"4","Gunma",-44.120472132,"2021年5月第4週"
"4","Ibaragi",-29.861436594,"2021年5月第4週"
"4","Tochigi",-33.693403122,"2021年5月第4週"
"4","Nagano",-42.93415184,"2021年5月第4週"
"4","Shizuoka",-35.925806428,"2021年5月第4週"
"1","Yamanashi",-33.82655358,"2021年6月第1週"
"1","Gunma",-45.004539869,"2021年6月第1週"
"1","Ibaragi",-32.059881809,"2021年6月第1週"
"1","Tochigi",-35.78375344,"2021年6月第1週"
"1","Nagano",-41.214305067,"2021年6月第1週"
"1","Shizuoka",-36.335392403,"2021年6月第1週"
"2","Yamanashi",-39.318953246,"2021年6月第2週"
"2","Gunma",-43.189417352,"2021年6月第2週"
"2","Ibaragi",-28.605831986,"2021年6月第2週"
"2","Tochigi",-37.820418103,"2021年6月第2週"
"2","Nagano",-41.694894435,"2021年6月第2週"
"2","Shizuoka",-36.295050381,"2021年6月第2週"
"3","Yamanashi",-39.31060955,"2021年6月第3週"
"3","Gunma",-42.632996398,"2021年6月第3週"
"3","Ibaragi",-31.146669945,"2021年6月第3週"
"3","Tochigi",-37.856273429,"2021年6月第3週"
"3","Nagano",-38.714745245,"2021年6月第3週"
"3","Shizuoka",-39.157951841,"2021年6月第3週"
"4","Yamanashi",-38.377204431,"2021年6月第4週"
"4","Gunma",-44.70856102,"2021年6月第4週"
"4","Ibaragi",-34.292416348,"2021年6月第4週"
"4","Tochigi",-36.998252744,"2021年6月第4週"
"4","Nagano",-39.364736419,"2021年6月第4週"
"4","Shizuoka",-40.323021406,"2021年6月第4週"
"1","Yamanashi",-25.524587116,"2021年7月第1週"
"1","Gunma",-43.249872179,"2021年7月第1週"
"1","Ibaragi",-34.779646383,"2021年7月第1週"
"1","Tochigi",-38.053336613,"2021年7月第1週"
"1","Nagano",-40.233789,"2021年7月第1週"
"1","Shizuoka",-42.268565149,"2021年7月第1週"
"2","Yamanashi",-27.537587417,"2021年7月第2週"
"2","Gunma",-40.323082505,"2021年7月第2週"
"2","Ibaragi",-31.742707508,"2021年7月第2週"
"2","Tochigi",-39.614831068,"2021年7月第2週"
"2","Nagano",-39.891272421,"2021年7月第2週"
"2","Shizuoka",-39.798841734,"2021年7月第2週"
"3","Yamanashi",-34.135336341,"2021年7月第3週"
"3","Gunma",-43.667574932,"2021年7月第3週"
"3","Ibaragi",-36.821864846,"2021年7月第3週"
"3","Tochigi",-43.593259057,"2021年7月第3週"
"3","Nagano",-33.958111716,"2021年7月第3週"
"3","Shizuoka",-44.88049361,"2021年7月第3週"
"4","Yamanashi",-13.147115396,"2021年7月第4週"
"4","Gunma",-36.69878899,"2021年7月第4週"
"4","Ibaragi",-24.245809345,"2021年7月第4週"
"4","Tochigi",-31.971200922,"2021年7月第4週"
"4","Nagano",-26.333061808,"2021年7月第4週"
"4","Shizuoka",-34.11323182,"2021年7月第4週"
"5","Yamanashi",-33.091627466,"2021年7月第5週"
"5","Gunma",-44.600976896,"2021年7月第5週"
"5","Ibaragi",-35.981818962,"2021年7月第5週"
"5","Tochigi",-42.20812815,"2021年7月第5週"
"5","Nagano",-41.161751751,"2021年7月第5週"
"5","Shizuoka",-43.090133464,"2021年7月第5週"
"1","Yamanashi",-35.999959318,"2021年8月第1週"
"1","Gunma",-42.819481949,"2021年8月第1週"
"1","Ibaragi",-35.473376658,"2021年8月第1週"
"1","Tochigi",-41.58735598,"2021年8月第1週"
"1","Nagano",-39.240077196,"2021年8月第1週"
"1","Shizuoka",-43.198582408,"2021年8月第1週"
"2","Yamanashi",-35.596142934,"2021年8月第2週"
"2","Gunma",-32.998882176,"2021年8月第2週"
"2","Ibaragi",-26.50009158,"2021年8月第2週"
"2","Tochigi",-31.050518027,"2021年8月第2週"
"2","Nagano",-38.558352403,"2021年8月第2週"
"2","Shizuoka",-38.296768446,"2021年8月第2週"
"3","Yamanashi",-74.605178414,"2021年8月第3週"
"3","Gunma",-75.358744076,"2021年8月第3週"
"3","Ibaragi",-68.967566738,"2021年8月第3週"
"3","Tochigi",-75.315259359,"2021年8月第3週"
"3","Nagano",-77.085276723,"2021年8月第3週"
"3","Shizuoka",-78.687335495,"2021年8月第3週"
"4","Yamanashi",-44.470463744,"2021年8月第4週"
"4","Gunma",-51.900723614,"2021年8月第4週"
"4","Ibaragi",-40.54935748,"2021年8月第4週"
"4","Tochigi",-51.234129824,"2021年8月第4週"
"4","Nagano",-53.53105847,"2021年8月第4週"
"4","Shizuoka",-61.097146424,"2021年8月第4週"
"1","Yamanashi",-50.001378783,"2021年9月第1週"
"1","Gunma",-51.389096868,"2021年9月第1週"
"1","Ibaragi",-47.240424805,"2021年9月第1週"
"1","Tochigi",-50.37556309,"2021年9月第1週"
"1","Nagano",-49.479299092,"2021年9月第1週"
"1","Shizuoka",-58.984512862,"2021年9月第1週"
"2","Yamanashi",-39.53551078,"2021年9月第2週"
"2","Gunma",-48.416357653,"2021年9月第2週"
"2","Ibaragi",-41.77658356,"2021年9月第2週"
"2","Tochigi",-30.969174272,"2021年9月第2週"
"2","Nagano",-43.87828661,"2021年9月第2週"
"2","Shizuoka",-53.436058427,"2021年9月第2週"
"3","Yamanashi",-37.951301748,"2021年9月第3週"
"3","Gunma",-46.818690767,"2021年9月第3週"
"3","Ibaragi",-41.254250844,"2021年9月第3週"
"3","Tochigi",-37.898874185,"2021年9月第3週"
"3","Nagano",-40.630905716,"2021年9月第3週"
"3","Shizuoka",-51.786623626,"2021年9月第3週"
"4","Yamanashi",-30.814277041,"2021年9月第4週"
"4","Gunma",-46.331472534,"2021年9月第4週"
"4","Ibaragi",-34.240735535,"2021年9月第4週"
"4","Tochigi",-35.709579997,"2021年9月第4週"
"4","Nagano",-32.574972522,"2021年9月第4週"
"4","Shizuoka",-45.13987681,"2021年9月第4週"
"5","Yamanashi",-34.108630555,"2021年9月第5週"
"5","Gunma",-48.861193272,"2021年9月第5週"
"5","Ibaragi",-37.838291575,"2021年9月第5週"
"5","Tochigi",-39.814454935,"2021年9月第5週"
"5","Nagano",-35.057080347,"2021年9月第5週"
"5","Shizuoka",-47.756563395,"2021年9月第5週"
"1","Yamanashi",-24.88403544,"2021年10月第1週"
"1","Gunma",-40.059755162,"2021年10月第1週"
"1","Ibaragi",-28.316329635,"2021年10月第1週"
"1","Tochigi",-29.869694398,"2021年10月第1週"
"1","Nagano",-30.571456273,"2021年10月第1週"
"1","Shizuoka",-34.549711856,"2021年10月第1週"
