prefcode,prefname,citycode,cityname,address
01,kC,01101,Dys,kCDys
01,kC,01102,Dysk,kCDysk
01,kC,01103,Dys,kCDys
01,kC,01104,Dys΋,kCDys΋
01,kC,01105,DysL,kCDysL
01,kC,01106,Dys,kCDys
01,kC,01107,Dys,kCDys
01,kC,01108,Dysʋ,kCDysʋ
01,kC,01109,Dys,kCDys
01,kC,01110,Dysc,kCDysc
01,kC,01202,َs,kCَs
01,kC,01203,Ms,kCMs
01,kC,01204,s,kCs
01,kC,01205,s,kCs
01,kC,01206,Hs,kCHs
01,kC,01207,эLs,kCэLs
01,kC,01208,ks,kCks
01,kC,01209,[s,kC[s
01,kC,01210,〈s,kC〈s
01,kC,01211,ԑs,kCԑs
01,kC,01212,Gs,kCGs
01,kC,01213,Ϗqs,kCϏqs
01,kC,01214,ts,kCts
01,kC,01215,Ss,kCSs
01,kC,01216,ʎs,kCʎs
01,kC,01217,]ʎs,kC]ʎs
01,kC,01218,ԕs,kCԕs
01,kC,01219,ʎs,kCʎs
01,kC,01220,mʎs,kCmʎs
01,kC,01221,s,kCs
01,kC,01222,O}s,kCO}s
01,kC,01223,s,kCs
01,kC,01224,Ύs,kCΎs
01,kC,01225,s,kCs
01,kC,01226,s,kCs
01,kC,01227,̎us,kC̎us
01,kC,01228,[s,kC[s
01,kC,01229,xǖs,kCxǖs
01,kC,01230,oʎs,kCoʎs
01,kC,01231,bs,kCbs
01,kC,01233,ɒBs,kCɒBs
01,kC,01234,kLs,kCkLs
01,kC,01235,Ύs,kCΎs
01,kC,01236,kls,kCkls
01,kC,01303,ΎSʒ,kCΎSʒ
01,kC,01304,ΎSVÑ,kCΎSVÑ
01,kC,01331,OSO,kCOSO
01,kC,01332,OS,kCOS
01,kC,01333,Sm,kCSm
01,kC,01334,S،Ó,kCS،Ó
01,kC,01337,TcSђ,kCTcSђ
01,kC,01343,S,kCS
01,kC,01345,SX,kCSX
01,kC,01346,CS_,kCCS_
01,kC,01347,RzS,kCRzS
01,kC,01361,wRS],kCwRS]
01,kC,01362,wRSm,kCwRSm
01,kC,01363,wRS򕔒,kCwRS򕔒
01,kC,01364,uS,kCuS
01,kC,01367,KSK,kCKSK
01,kC,01370,IS,kCIS
01,kC,01371,vSȒ,kCvSȒ
01,kC,01391,qSq,kCqSq
01,kC,01392,sSs,kCsSs
01,kC,01393,sS,kCsS
01,kC,01394,JSz,kCJSz
01,kC,01395,cSjZR,kCcSjZR
01,kC,01396,cS^둺,kCcS^둺
01,kC,01397,cSs,kCcSs
01,kC,01398,cSΕʒ,kCcSΕʒ
01,kC,01399,cSɒ,kCcSɒ
01,kC,01400,cSm,kCcSm
01,kC,01401,Sa,kCSa
01,kC,01402,S,kCS
01,kC,01403,ÉFS,kCÉFS
01,kC,01404,ÉFS_b,kCÉFS_b
01,kC,01405,ϒOSϒO,kCϒOSϒO
01,kC,01406,ÕSÕ,kCÕSÕ
01,kC,01407,]sSmؒ,kC]sSmؒ
01,kC,01408,]sS]s,kC]sS]s
01,kC,01409,]sSԈ쑺,kC]sSԈ쑺
01,kC,01423,mSy,kCmSy
01,kC,01424,mSވ],kCmSވ]
01,kC,01425,mS㍻쒬,kCmS㍻쒬
01,kC,01427,[SRm,kC[SRm
01,kC,01428,[S,kC[S
01,kC,01429,[SIR,kC[SIR
01,kC,01430,ˌS`,kCˌS`
01,kC,01431,ˌSYP,kCˌSYP
01,kC,01432,ˌSV\Ð쒬,kCˌSV\Ð쒬
01,kC,01433,JSw,kCJSw
01,kC,01434,JSʒ,kCJSʒ
01,kC,01436,JSJ,kCJSJ
01,kC,01437,JSk,kCJSk
01,kC,01438,JSc,kCJSc
01,kC,01452,S鐲,kCS鐲
01,kC,01453,S_y,kCS_y
01,kC,01454,S,kCS
01,kC,01455,Sz,kCSz
01,kC,01456,Sʒ,kCSʒ
01,kC,01457,S쒬,kCS쒬
01,kC,01458,S쒬,kCS쒬
01,kC,01459,Sl,kCSl
01,kC,01460,mSxǖ쒬,kCmSxǖ쒬
01,kC,01461,mSxǖ쒬,kCmSxǖ쒬
01,kC,01462,mSxǖ쒬,kCmSxǖ쒬
01,kC,01463,ES芥,kCES芥
01,kC,01464,Sa,kCSa
01,kC,01465,S,kCS
01,kC,01468,S쒬,kCS쒬
01,kC,01469,S[,kCS[
01,kC,01470,SЎq{,kCSЎq{
01,kC,01471,S쒬,kCS쒬
01,kC,01472,JSy,kCJSy
01,kC,01481,ьSђ,kCьSђ
01,kC,01482,GS,kCGS
01,kC,01483,ϑOSϑO,kCϑOSϑO
01,kC,01484,ϑOSHy,kCϑOSHy
01,kC,01485,ϑOSRʑ,kCϑOSRʑ
01,kC,01486,VSʒ,kCVSʒ
01,kC,01487,VSV,kCVSV
01,kC,01511,@JS,kC@JS
01,kC,01512,}KSlڕʒ,kC}KSlڕʒ
01,kC,01513,}KSڕʒ,kC}KSڕʒ
01,kC,01514,}KS}K,kC}KS}K
01,kC,01516,VSLx,kCVSLx
01,kC,01517,當S當,kC當S當
01,kC,01518,KSK,kCKSK
01,kC,01519,KSKxm,kCKSKxm
01,kC,01520,VSy,kCVSy
01,kC,01543,ԑSy,kCԑSy
01,kC,01544,ԑSÕʒ,kCԑSÕʒ
01,kC,01545,ΗSΗ,kCΗSΗ
01,kC,01546,ΗS,kCΗS
01,kC,01547,ΗS,kCΗS
01,kC,01549,CSPq{,kCCSPq{
01,kC,01550,CSu˒,kCCSu˒
01,kC,01552,CSCԒ,kCCSCԒ
01,kC,01555,ʌSy,kCʌSy
01,kC,01559,ʌSNʒ,kCʌSNʒ
01,kC,01560,ʌS㒬,kCʌS㒬
01,kC,01561,ʌS,kCʌS
01,kC,01562,ʌS,kCʌS
01,kC,01563,ʌSY,kCʌSY
01,kC,01564,ԑS,kCԑS
01,kC,01571,cSLY,kCcSLY
01,kC,01575,LSs˒,kCLSs˒
01,kC,01578,VSV,kCVSV
01,kC,01581,ES^,kCES^
01,kC,01584,cSΒ,kCcSΒ
01,kC,01585,ES,kCES
01,kC,01586,ESނ풬,kCESނ풬
01,kC,01601,S,kCS
01,kC,01602,S撬,kCS撬
01,kC,01604,VSV,kCVSV
01,kC,01607,Y͌SY͒,kCY͌SY͒
01,kC,01608,lSl,kClSl
01,kC,01609,yS,kCyS
01,kC,01610,SVЂ,kCSVЂ
01,kC,01631,͓SX,kC͓SX
01,kC,01632,͓Smy,kC͓Smy
01,kC,01633,͓Smy,kC͓Smy
01,kC,01634,͓Sǒ,kC͓Sǒ
01,kC,01635,SV,kCSV
01,kC,01636,S,kCS
01,kC,01637,͐S莺,kC͐S莺
01,kC,01638,͐SD,kC͐SD
01,kC,01639,͐SXʑ,kC͐SXʑ
01,kC,01641,LS,kCLS
01,kC,01642,LSL,kCLSL
01,kC,01643,Sʒ,kCSʒ
01,kC,01644,Src,kCSrc
01,kC,01645,SL,kCSL
01,kC,01646,S{ʒ,kCS{ʒ
01,kC,01647,S,kCS
01,kC,01648,Sʒ,kCSʒ
01,kC,01649,\SYy,kC\SYy
01,kC,01661,HSH,kCHSH
01,kC,01662,݌Sݒ,kC݌Sݒ
01,kC,01663,݌Sl,kC݌Sl
01,kC,01664,SW,kCSW
01,kC,01665,Sq,kCSq
01,kC,01667,Sߋ,kCSߋ
01,kC,01668,fSf,kCfSf
01,kC,01691,tSʊC,kCtSʊC
01,kC,01692,WÌSWÒ,kCWÌSWÒ
01,kC,01693,WÌSWÒ,kCWÌSWÒ
01,kC,01694,ڗSP,kCڗSP
02,X,02201,Xs,XXs
02,X,02202,OOs,XOOs
02,X,02203,ˎs,Xˎs
02,X,02204,Ύs,XΎs
02,X,02205,܏쌴s,X܏쌴s
02,X,02206,\acs,X\acs
02,X,02207,Os,XOs
02,X,02208,ނs,Xނs
02,X,02209,s,Xs
02,X,02210,s,Xs
02,X,02301,ÌyS,XÌyS
02,X,02303,ÌySʒ,XÌySʒ
02,X,02304,ÌySHc,XÌySHc
02,X,02307,ÌySOl,XÌySOl
02,X,02321,ÌyS˃,XÌyS˃
02,X,02323,ÌyS[Y,XÌyS[Y
02,X,02343,ÌySډ,XÌySډ
02,X,02361,ÌyS蒬,XÌyS蒬
02,X,02362,ÌySk,XÌySk
02,X,02367,ÌyScɊّ,XÌyScɊّ
02,X,02381,kÌyS,XkÌyS
02,X,02384,kÌySߓc,XkÌySߓc
02,X,02387,kÌyS,XkÌyS
02,X,02401,kSӒn,XkSӒn
02,X,02402,kS˒,XkS˒
02,X,02405,kSZ˒,XkSZ˒
02,X,02406,kSl,XkSl
02,X,02408,kSk,XkSk
02,X,02411,kSZ,XkSZ
02,X,02412,kS点,XkS点
02,X,02423,kSԒ,XkSԒ
02,X,02424,kSʑ,XkSʑ
02,X,02425,kSԉY,XkSԉY
02,X,02426,kS䑺,XkS䑺
02,X,02441,OˌSO˒,XOˌSO˒
02,X,02442,OˌS܌˒,XOˌS܌˒
02,X,02443,OˌScq,XOˌScq
02,X,02445,OˌS암,XOˌS암
02,X,02446,OˌSK㒬,XOˌSK㒬
02,X,02450,OˌSV,XOˌSV
03,茧,03201,s,茧s
03,茧,03202,{Îs,茧{Îs
03,茧,03203,Dns,茧Dns
03,茧,03205,Ԋs,茧Ԋs
03,茧,03206,ks,茧ks
03,茧,03207,vs,茧vs
03,茧,03208,s,茧s
03,茧,03209,֎s,茧֎s
03,茧,03210,Ocs,茧Ocs
03,茧,03211,Ύs,茧Ύs
03,茧,03213,ˎs,茧ˎs
03,茧,03214,s,茧s
03,茧,03215,Bs,茧Bs
03,茧,03216,s,茧s
03,茧,03301,SΒ,茧SΒ
03,茧,03302,S,茧S
03,茧,03303,S蒬,茧S蒬
03,茧,03321,gSg,茧gSg
03,茧,03322,gSВ,茧gSВ
03,茧,03366,aSa꒬,茧aSa꒬
03,茧,03381,_SP蒬,茧_SP蒬
03,茧,03402,ֈS,茧ֈS
03,茧,03441,CSZc,茧CSZc
03,茧,03461,ɌSƒ,茧ɌSƒ
03,茧,03482,ɌSRc,茧ɌSRc
03,茧,03483,ɌS,茧ɌS
03,茧,03484,ɌSc씨,茧ɌSc씨
03,茧,03485,ɌS㑺,茧ɌS㑺
03,茧,03501,ˌSyĒ,茧ˌSyĒ
03,茧,03503,ˌSc,茧ˌSc
03,茧,03506,ˌSˑ,茧ˌSˑ
03,茧,03507,ˌSm쒬,茧ˌSm쒬
03,茧,03524,ˌS˒,茧ˌS˒
04,{錧,04101,st,{錧st
04,{錧,04102,s{,{錧s{
04,{錧,04103,sы,{錧sы
04,{錧,04104,s,{錧s
04,{錧,04105,s,{錧s
04,{錧,04202,Ίs,{錧Ίs
04,{錧,04203,}s,{錧}s
04,{錧,04205,Cs,{錧Cs
04,{錧,04206,Ύs,{錧Ύs
04,{錧,04207,s,{錧s
04,{錧,04208,pcs,{錧pcs
04,{錧,04209,s,{錧s
04,{錧,04211,s,{錧s
04,{錧,04212,oĎs,{錧oĎs
04,{錧,04213,Is,{錧Is
04,{錧,04214,s,{錧s
04,{錧,04215,s,{錧s
04,{錧,04216,xJs,{錧xJs
04,{錧,04301,cS,{錧cS
04,{錧,04302,cSh,{錧cSh
04,{錧,04321,ēcS͌,{錧ēcS͌
04,{錧,04322,ēcSc,{錧ēcSc
04,{錧,04323,ēcSēc,{錧ēcSēc
04,{錧,04324,ēcS蒬,{錧ēcS蒬
04,{錧,04341,ɋSېX,{錧ɋSېX
04,{錧,04361,jSj,{錧jSj
04,{錧,04362,jSR,{錧jSR
04,{錧,04401,{S,{錧{S
04,{錧,04404,{Sl,{錧{Sl
04,{錧,04406,{S{,{錧{S{
04,{錧,04421,Sa,{錧Sa
04,{錧,04422,S勽,{錧S勽
04,{錧,04424,St,{錧St
04,{錧,04444,SF,{錧SF
04,{錧,04445,S,{錧S
04,{錧,04501,cSOJ,{錧cSOJ
04,{錧,04505,cS,{錧cS
04,{錧,04581,S쒬,{錧S쒬
04,{錧,04606,{gSO,{錧{gSO
05,Hc,05201,Hcs,HcHcs
05,Hc,05202,\s,Hc\s
05,Hc,05203,s,Hcs
05,Hc,05204,َs,Hcَs
05,Hc,05206,js,Hcjs
05,Hc,05207,s,Hcs
05,Hc,05209,ps,Hcps
05,Hc,05210,R{s,HcR{s
05,Hc,05211,s,Hcs
05,Hc,05212,s,Hcs
05,Hc,05213,kHcs,HckHcs
05,Hc,05214,ɂَs,Hcɂَs
05,Hc,05215,ks,Hcks
05,Hc,05303,pS⒬,HcpS⒬
05,Hc,05327,kHcS㏬m,HckHcS㏬m
05,Hc,05346,R{S,HcR{S
05,Hc,05348,R{SO풬,HcR{SO풬
05,Hc,05349,R{S,HcR{S
05,Hc,05361,HcS܏ڒ,HcHcS܏ڒ
05,Hc,05363,HcSY,HcHcSY
05,Hc,05366,HcS쒬,HcHcS쒬
05,Hc,05368,HcS劃,HcHcS劃
05,Hc,05434,kS,HckS
05,Hc,05463,YSH㒬,HcYSH㒬
05,Hc,05464,YS,HcYS
06,R`,06201,R`s,R`R`s
06,R`,06202,đs,R`đs
06,R`,06203,߉s,R`߉s
06,R`,06204,cs,R`cs
06,R`,06205,Vs,R`Vs
06,R`,06206,͍]s,R`͍]s
06,R`,06207,Rs,R`Rs
06,R`,06208,Rs,R`Rs
06,R`,06209,s,R`s
06,R`,06210,Vs,R`Vs
06,R`,06211,s,R`s
06,R`,06212,ԑs,R`ԑs
06,R`,06213,zs,R`zs
06,R`,06301,RSRӒ,R`RSRӒ
06,R`,06302,RSR,R`RSR
06,R`,06321,RS͖k,R`RS͖k
06,R`,06322,RS쒬,R`RS쒬
06,R`,06323,RS,R`RS
06,R`,06324,RS],R`RS]
06,R`,06341,kRSΓc,R`kRSΓc
06,R`,06361,ŏSR,R`ŏSR
06,R`,06362,ŏSŏ㒬,R`ŏSŏ㒬
06,R`,06363,ŏSM`,R`ŏSM`
06,R`,06364,ŏS^쒬,R`ŏS^쒬
06,R`,06365,ŏS呠,R`ŏS呠
06,R`,06366,ŏS쑺,R`ŏS쑺
06,R`,06367,ŏSˑ,R`ŏSˑ
06,R`,06381,uS,R`uS
06,R`,06382,uS쐼,R`uS쐼
06,R`,06401,uS,R`uS
06,R`,06402,uS钬,R`uS钬
06,R`,06403,uSіL,R`uSіL
06,R`,06426,cSO쒬,R`cSO쒬
06,R`,06428,cS,R`cS
06,R`,06461,OCSV,R`OCSV
07,,07201,s,s
07,,07202,Îᏼs,Îᏼs
07,,07203,SRs,SRs
07,,07204,킫s,킫s
07,,07205,͎s,͎s
07,,07207,{s,{s
07,,07208,쑽s,쑽s
07,,07209,ns,ns
07,,07210,{s,{s
07,,07211,cs,cs
07,,07212,쑊ns,쑊ns
07,,07213,ɒBs,ɒBs
07,,07214,{{s,{{s
07,,07301,ɒBSKܒ,ɒBSKܒ
07,,07303,ɒBS,ɒBS
07,,07308,ɒBS얓,ɒBS얓
07,,07322,BSʑ,BSʑ
07,,07342,␣SΒ,␣SΒ
07,,07344,␣SVh,␣SVh
07,,07362,ÌS,ÌS
07,,07364,ÌSw},ÌSw}
07,,07367,ÌS,ÌS
07,,07368,ÌSÒ,ÌSÒ
07,,07402,떃Sk,떃Sk
07,,07405,떃SÒ,떃SÒ
07,,07407,떃S֒,떃S֒
07,,07408,떃Sc㒬,떃Sc㒬
07,,07421,͏SÍ≺,͏SÍ≺
07,,07422,͏S쑺,͏S쑺
07,,07423,͏SÒ,͏SÒ
07,,07444,SO,SO
07,,07445,SR,SR
07,,07446,Sa,Sa
07,,07447,SÔ,SÔ
07,,07461,͌S,͌S
07,,07464,͌S葺,͌S葺
07,,07465,͌S,͌S
07,,07466,͌S,͌S
07,,07481,SIq,SIq
07,,07482,SՒ,SՒ
07,,07483,S,S
07,,07484,SL쑺,SL쑺
07,,07501,ΐSΐ쒬,ΐSΐ쒬
07,,07502,ΐSʐ쑺,ΐSʐ쑺
07,,07503,ΐSc,ΐSc
07,,07504,ΐS쒬,ΐS쒬
07,,07505,ΐSÓa,ΐSÓa
07,,07521,cSOt,cSOt
07,,07522,cS쒬,cS쒬
07,,07541,otSL쒬,otSL쒬
07,,07542,otSt,otSt
07,,07543,otSx,otSx
07,,07544,otS,otS
07,,07545,otSF,otSF
07,,07546,otSot,otSot
07,,07547,otSQ],otSQ]
07,,07548,otS,otS
07,,07561,nSVn,nSVn
07,,07564,nSъڑ,nSъڑ
08,錧,08201,ˎs,錧ˎs
08,錧,08202,s,錧s
08,錧,08203,yYs,錧yYs
08,錧,08204,É͎s,錧É͎s
08,錧,08205,Ήs,錧Ήs
08,錧,08207,s,錧s
08,錧,08208,Ps,錧Ps
08,錧,08210,Ȏs,錧Ȏs
08,錧,08211,푍s,錧푍s
08,錧,08212,헤cs,錧헤cs
08,錧,08214,s,錧s
08,錧,08215,ks,錧ks
08,錧,08216,}Ԏs,錧}Ԏs
08,錧,08217,s,錧s
08,錧,08219,vs,錧vs
08,錧,08220,Ύs,錧Ύs
08,錧,08221,ЂȂs,錧ЂȂs
08,錧,08222,s,錧s
08,錧,08223,s,錧s
08,錧,08224,Js,錧Js
08,錧,08225,헤{s,錧헤{s
08,錧,08226,߉ώs,錧߉ώs
08,錧,08227,}s,錧}s
08,錧,08228,Ⓦs,錧Ⓦs
08,錧,08229,~s,錧~s
08,錧,08230,݂s,錧݂s
08,錧,08231,s,錧s
08,錧,08232,_s,錧_s
08,錧,08233,ss,錧ss
08,錧,08234,gcs,錧gcs
08,錧,08235,΂݂炢s,錧΂݂炢s
08,錧,08236,ʎs,錧ʎs
08,錧,08302,S钬,錧S钬
08,錧,08309,S,錧S
08,錧,08310,S闢,錧S闢
08,錧,08341,߉όSC,錧߉όSC
08,錧,08364,vSq,錧vSq
08,錧,08442,~SY,錧~SY
08,錧,08443,~S,錧~S
08,錧,08447,~S͓,錧~S͓
08,錧,08521,S㒬,錧S㒬
08,錧,08542,S܉,錧S܉
08,錧,08546,S,錧S
08,錧,08564,knS,錧knS
09,Ȗ،,09201,Fs{s,Ȗ،Fs{s
09,Ȗ،,09202,s,Ȗ،s
09,Ȗ،,09203,Ȗ؎s,Ȗ،Ȗ؎s
09,Ȗ،,09204,s,Ȗ،s
09,Ȗ،,09205,s,Ȗ،s
09,Ȗ،,09206,s,Ȗ،s
09,Ȗ،,09208,Rs,Ȗ،Rs
09,Ȗ،,09209,^s,Ȗ،^s
09,Ȗ،,09210,cs,Ȗ،cs
09,Ȗ،,09211,s,Ȗ،s
09,Ȗ،,09213,ߐ{s,Ȗ،ߐ{s
09,Ȗ،,09214,s,Ȗ،s
09,Ȗ،,09215,ߐ{GRs,Ȗ،ߐ{GRs
09,Ȗ،,09216,s,Ȗ،s
09,Ȗ،,09301,͓SO쒬,Ȗ،͓SO쒬
09,Ȗ،,09342,FSvq,Ȗ،FSvq
09,Ȗ،,09343,FSΖؒ,Ȗ،FSΖؒ
09,Ȗ،,09344,FSsL,Ȗ،FSsL
09,Ȗ،,09345,FSF꒬,Ȗ،FSF꒬
09,Ȗ،,09361,sSp,Ȗ،sSp
09,Ȗ،,09364,sSؒ,Ȗ،sSؒ
09,Ȗ،,09384,JSJ,Ȗ،JSJ
09,Ȗ،,09386,JS,Ȗ،JS
09,Ȗ،,09407,ߐ{Sߐ{,Ȗ،ߐ{Sߐ{
09,Ȗ،,09411,ߐ{S߉ϐ쒬,Ȗ،ߐ{S߉ϐ쒬
10,Qn,10201,Os,QnOs
10,Qn,10202,s,Qns
10,Qn,10203,ːs,Qnːs
10,Qn,10204,ɐs,Qnɐs
10,Qn,10205,cs,Qncs
10,Qn,10206,cs,Qncs
10,Qn,10207,ٗюs,Qnٗюs
10,Qn,10208,as,Qnas
10,Qn,10209,s,Qns
10,Qn,10210,xs,Qnxs
10,Qn,10211,s,Qns
10,Qn,10212,݂ǂs,Qn݂ǂs
10,Qn,10344,kQnSY,QnkQnSY
10,Qn,10345,kQnSg,QnkQnSg
10,Qn,10366,S쑺,QnS쑺
10,Qn,10367,S_,QnS_
10,Qn,10382,ÊySmc,QnÊySmc
10,Qn,10383,ÊySq,QnÊySq
10,Qn,10384,ÊySÊy,QnÊySÊy
10,Qn,10421,ȌSV,QnȌSV
10,Qn,10424,ȌS쌴,QnȌS쌴
10,Qn,10425,ȌSڗ,QnȌSڗ
10,Qn,10426,ȌSÒ,QnȌSÒ
10,Qn,10428,ȌSR,QnȌSR
10,Qn,10429,ȌSȒ,QnȌSȒ
10,Qn,10443,SЕi,QnSЕi
10,Qn,10444,Sꑺ,QnSꑺ
10,Qn,10448,Sa,QnSa
10,Qn,10449,S݂Ȃݒ,QnS݂Ȃݒ
10,Qn,10464,gSʑ,QngSʑ
10,Qn,10521,WySq,QnWySq
10,Qn,10522,WySa,QnWySa
10,Qn,10523,WySc,QnWySc
10,Qn,10524,WyS,QnWyS
10,Qn,10525,WySWy,QnWySWy
11,ʌ,11101,܎s,ʌ܎s
11,ʌ,11102,܎sk,ʌ܎sk
11,ʌ,11103,܎s{,ʌ܎s{
11,ʌ,11104,܎s,ʌ܎s
11,ʌ,11105,܎s,ʌ܎s
11,ʌ,11106,܎s,ʌ܎s
11,ʌ,11107,܎sYa,ʌ܎sYa
11,ʌ,11108,܎s,ʌ܎s
11,ʌ,11109,܎s΋,ʌ܎s΋
11,ʌ,11110,܎s΋,ʌ܎s΋
11,ʌ,11201,zs,ʌzs
11,ʌ,11202,FJs,ʌFJs
11,ʌ,11203,s,ʌs
11,ʌ,11206,scs,ʌscs
11,ʌ,11207,s,ʌs
11,ʌ,11208,s,ʌs
11,ʌ,11209,є\s,ʌє\s
11,ʌ,11210,{s,ʌ{s
11,ʌ,11211,{s,ʌ{s
11,ʌ,11212,Rs,ʌRs
11,ʌ,11214,ts,ʌts
11,ʌ,11215,Rs,ʌRs
11,ʌ,11216,Hs,ʌHs
11,ʌ,11217,s,ʌs
11,ʌ,11218,[Js,ʌ[Js
11,ʌ,11219,s,ʌs
11,ʌ,11221,s,ʌs
11,ʌ,11222,zJs,ʌzJs
11,ʌ,11223,ns,ʌns
11,ʌ,11224,˓cs,ʌ˓cs
11,ʌ,11225,Ԏs,ʌԎs
11,ʌ,11227,s,ʌs
11,ʌ,11228,u؎s,ʌu؎s
11,ʌ,11229,as,ʌas
11,ʌ,11230,Vs,ʌVs
11,ʌ,11231,s,ʌs
11,ʌ,11232,vs,ʌvs
11,ʌ,11233,k{s,ʌk{s
11,ʌ,11234,s,ʌs
11,ʌ,11235,xms,ʌxms
11,ʌ,11237,Os,ʌOs
11,ʌ,11238,@cs,ʌ@cs
11,ʌ,11239,ˎs,ʌˎs
11,ʌ,11240,Ks,ʌKs
11,ʌ,11241,߃s,ʌ߃s
11,ʌ,11242,s,ʌs
11,ʌ,11243,gs,ʌgs
11,ʌ,11245,ӂݖs,ʌӂݖs
11,ʌ,11246,s,ʌs
11,ʌ,11301,kSɓޒ,ʌkSɓޒ
11,ʌ,11324,ԌSOF,ʌԌSOF
11,ʌ,11326,ԌSјCR,ʌԌSјCR
11,ʌ,11327,ԌSz,ʌԌSz
11,ʌ,11341,S쒬,ʌS쒬
11,ʌ,11342,SR,ʌSR
11,ʌ,11343,S쒬,ʌS쒬
11,ʌ,11346,S쓇,ʌS쓇
11,ʌ,11347,Sg,ʌSg
11,ʌ,11348,SR,ʌSR
11,ʌ,11349,SƂ풬,ʌSƂ풬
11,ʌ,11361,S,ʌS
11,ʌ,11362,SF쒬,ʌSF쒬
11,ʌ,11363,SҒ,ʌSҒ
11,ʌ,11365,S쒬,ʌS쒬
11,ʌ,11369,S,ʌS
11,ʌ,11381,ʌS,ʌʌS
11,ʌ,11383,ʌS_쒬,ʌʌS_쒬
11,ʌ,11385,ʌS㗢,ʌʌS㗢
11,ʌ,11408,嗢S񋏒,ʌ嗢S񋏒
11,ʌ,11442,ʌS{㒬,ʌʌS{㒬
11,ʌ,11464,kS˒,ʌkS˒
11,ʌ,11465,kS,ʌkS
12,t,12101,ts,tts
12,t,12102,tsԌ,ttsԌ
12,t,12103,tsы,ttsы
12,t,12104,tst,ttst
12,t,12105,ts΋,tts΋
12,t,12106,tsl,ttsl
12,t,12202,qs,tqs
12,t,12203,ss,tss
12,t,12204,Ds,tDs
12,t,12205,َRs,tَRs
12,t,12206,؍XÎs,t؍XÎs
12,t,12207,ˎs,tˎs
12,t,12208,cs,tcs
12,t,12210,Όs,tΌs
12,t,12211,cs,tcs
12,t,12212,qs,tqs
12,t,12213,s,ts
12,t,12215,s,ts
12,t,12216,Kus,tKus
12,t,12217,s,ts
12,t,12218,Ys,tYs
12,t,12219,ss,tss
12,t,12220,Rs,tRs
12,t,12221,s,ts
12,t,12222,䑷qs,t䑷qs
12,t,12223,s,ts
12,t,12224,PJs,tPJs
12,t,12225,NÎs,tNÎs
12,t,12226,xÎs,txÎs
12,t,12227,Ys,tYs
12,t,12228,lXs,tlXs
12,t,12229,PYs,tPYs
12,t,12230,Xs,tXs
12,t,12231,󐼎s,t󐼎s
12,t,12232,s,ts
12,t,12233,xs,txs
12,t,12234,[s,t[s
12,t,12235,xs,txs
12,t,12236,s,ts
12,t,12237,Rs,tRs
12,t,12238,ݎs,tݎs
12,t,12239,Ԕs,tԔs
12,t,12322,׌SX䒬,t׌SX䒬
12,t,12329,׌Sh,t׌Sh
12,t,12342,S_蒬,tS_蒬
12,t,12347,SÒ,tSÒ
12,t,12349,S,tS
12,t,12403,RS\㗢,tRS\㗢
12,t,12409,RSŎR,tRSŎR
12,t,12410,RSŌ,tRSŌ
12,t,12421,S{,tS{
12,t,12422,Sr,tSr
12,t,12423,S,tS
12,t,12424,Sq,tSq
12,t,12426,S,tS
12,t,12427,S쒬,tS쒬
12,t,12441,΋S命쒬,t΋S命쒬
12,t,12443,΋Sh,t΋Sh
12,t,12463,[S쒬,t[S쒬
13,s,13101,c,sc
13,s,13102,,s
13,s,13103,`,s`
13,s,13104,Vh,sVh
13,s,13105,,s
13,s,13106,䓌,s䓌
13,s,13107,nc,snc
13,s,13108,],s]
13,s,13109,i,si
13,s,13110,ڍ,sڍ
13,s,13111,c,sc
13,s,13112,cJ,scJ
13,s,13113,aJ,saJ
13,s,13114,,s
13,s,13115,,s
13,s,13116,L,sL
13,s,13117,k,sk
13,s,13118,r,sr
13,s,13119,,s
13,s,13120,n,sn
13,s,13121,,s
13,s,13122,,s
13,s,13123,]ː,s]ː
13,s,13201,qs,sqs
13,s,13202,s,ss
13,s,13203,s,ss
13,s,13204,Os,sOs
13,s,13205,~s,s~s
13,s,13206,{s,s{s
13,s,13207,s,ss
13,s,13208,zs,szs
13,s,13209,cs,scs
13,s,13210,s,ss
13,s,13211,s,ss
13,s,13212,s,ss
13,s,13213,Rs,sRs
13,s,13214,s,ss
13,s,13215,s,ss
13,s,13218,s,ss
13,s,13219,]s,s]s
13,s,13220,as,sas
13,s,13221,s,ss
13,s,13222,vĎs,svĎs
13,s,13223,Rs,sRs
13,s,13224,s,ss
13,s,13225,s,ss
13,s,13227,Hs,sHs
13,s,13228,s,ss
13,s,13229,s,ss
13,s,13303,S䒬,sS䒬
13,s,13305,S̏o,sS̏o
13,s,13307,Sw,sSw
13,s,13308,S,sS
13,s,13361,哇,s哇
13,s,13362,,s
13,s,13363,V,sV
13,s,13364,_Ó,s_Ó
13,s,13381,OO,sOO
13,s,13382,䑠,s䑠
13,s,13401,䓇䒬,s䓇䒬
13,s,13402,,s
13,s,13421,},s}
14,_ސ쌧,14101,lsߌ,_ސ쌧lsߌ
14,_ސ쌧,14102,ls_ސ,_ސ쌧ls_ސ
14,_ސ쌧,14103,ls,_ސ쌧ls
14,_ސ쌧,14104,ls,_ސ쌧ls
14,_ސ쌧,14105,ls,_ސ쌧ls
14,_ސ쌧,14106,lsۓyPJ,_ސ쌧lsۓyPJ
14,_ސ쌧,14107,lsq,_ސ쌧lsq
14,_ސ쌧,14108,ls,_ސ쌧ls
14,_ސ쌧,14109,ls`k,_ސ쌧ls`k
14,_ސ쌧,14110,ls˒ˋ,_ސ쌧ls˒ˋ
14,_ސ쌧,14111,ls`,_ސ쌧ls`
14,_ސ쌧,14112,ls,_ސ쌧ls
14,_ސ쌧,14113,ls΋,_ސ쌧ls΋
14,_ސ쌧,14114,lsJ,_ސ쌧lsJ
14,_ސ쌧,14115,lsh,_ސ쌧lsh
14,_ސ쌧,14116,ls,_ސ쌧ls
14,_ސ쌧,14117,lst,_ސ쌧lst
14,_ސ쌧,14118,lss},_ސ쌧lss}
14,_ސ쌧,14131,s,_ސ쌧s
14,_ސ쌧,14132,sK,_ސ쌧sK
14,_ސ쌧,14133,s,_ސ쌧s
14,_ސ쌧,14134,sË,_ސ쌧sË
14,_ސ쌧,14135,s,_ސ쌧s
14,_ސ쌧,14136,s{O,_ސ쌧s{O
14,_ސ쌧,14137,s,_ސ쌧s
14,_ސ쌧,14151,͌s΋,_ސ쌧͌s΋
14,_ސ쌧,14152,͌s,_ސ쌧͌s
14,_ސ쌧,14153,͌s,_ސ쌧͌s
14,_ސ쌧,14201,{s,_ސ쌧{s
14,_ސ쌧,14203,ˎs,_ސ쌧ˎs
14,_ސ쌧,14204,qs,_ސ쌧qs
14,_ސ쌧,14205,s,_ސ쌧s
14,_ސ쌧,14206,cs,_ސ쌧cs
14,_ސ쌧,14207,s,_ސ쌧s
14,_ސ쌧,14208,qs,_ސ쌧qs
14,_ސ쌧,14210,OYs,_ސ쌧OYs
14,_ސ쌧,14211,`s,_ސ쌧`s
14,_ސ쌧,14212,؎s,_ސ쌧؎s
14,_ސ쌧,14213,as,_ސ쌧as
14,_ސ쌧,14214,ɐs,_ސ쌧ɐs
14,_ސ쌧,14215,CVs,_ސ쌧CVs
14,_ސ쌧,14216,Ԏs,_ސ쌧Ԏs
14,_ސ쌧,14217,쑫s,_ސ쌧쑫s
14,_ސ쌧,14218,s,_ސ쌧s
14,_ސ쌧,14301,OYStR,_ސ쌧OYStR
14,_ސ쌧,14321,S쒬,_ސ쌧S쒬
14,_ސ쌧,14341,S钬,_ސ쌧S钬
14,_ސ쌧,14342,S{,_ސ쌧S{
14,_ސ쌧,14361,S䒬,_ސ쌧S䒬
14,_ސ쌧,14362,S䒬,_ސ쌧S䒬
14,_ސ쌧,14363,Sc,_ސ쌧Sc
14,_ސ쌧,14364,SRk,_ސ쌧SRk
14,_ސ쌧,14366,SJ,_ސ쌧SJ
14,_ސ쌧,14382,S,_ސ쌧S
14,_ސ쌧,14383,S^ߒ,_ސ쌧S^ߒ
14,_ސ쌧,14384,S͌,_ސ쌧S͌
14,_ސ쌧,14401,bS쒬,_ސ쌧bS쒬
14,_ސ쌧,14402,bS쑺,_ސ쌧bS쑺
15,V,15101,Vsk,VVsk
15,V,15102,Vs,VVs
15,V,15103,Vs,VVs
15,V,15104,Vs],VVs]
15,V,15105,VsHt,VVsHt
15,V,15106,Vs,VVs
15,V,15107,Vs,VVs
15,V,15108,Vs,VVs
15,V,15202,s,Vs
15,V,15204,Os,VOs
15,V,15205,s,Vs
15,V,15206,Vcs,VVcs
15,V,15208,Js,VJs
15,V,15209,Ύs,VΎs
15,V,15210,\s,V\s
15,V,15211,s,Vs
15,V,15212,s,Vs
15,V,15213,s,Vs
15,V,15216,s,Vs
15,V,15217,s,Vs
15,V,15218,ܐs,Vܐs
15,V,15222,zs,Vzs
15,V,15223,s,Vs
15,V,15224,ns,Vns
15,V,15225,s,Vs
15,V,15226,싛s,V싛s
15,V,15227,ٓs,Vٓs
15,V,15307,kSĒ,VkSĒ
15,V,15342,SF,VSF
15,V,15361,슗Sc㒬,V슗Sc㒬
15,V,15385,S꒬,VS꒬
15,V,15405,OSo_蒬,VOSo_蒬
15,V,15461,싛S,V싛S
15,V,15482,SÓ쒬,VSÓ쒬
15,V,15504,HSH,VHSH
15,V,15581,DS֐쑺,VDS֐쑺
15,V,15586,DSY,VDSY
16,xR,16201,xRs,xRxRs
16,xR,16202,s,xRs
16,xR,16204,Îs,xRÎs
16,xR,16205,Xs,xRXs
16,xR,16206,s,xRs
16,xR,16207,s,xRs
16,xR,16208,vgs,xRvgs
16,xR,16209,s,xRs
16,xR,16210,vs,xRvs
16,xR,16211,ːs,xRːs
16,xR,16321,VSM,xRVSM
16,xR,16322,VSs,xRVSs
16,xR,16323,VSR,xRVSR
16,xR,16342,VSP,xRVSP
16,xR,16343,VS,xRVS
17,ΐ쌧,17201,s,ΐ쌧s
17,ΐ쌧,17202,s,ΐ쌧s
17,ΐ쌧,17203,s,ΐ쌧s
17,ΐ쌧,17204,֓s,ΐ쌧֓s
17,ΐ쌧,17205,Fs,ΐ쌧Fs
17,ΐ쌧,17206,s,ΐ쌧s
17,ΐ쌧,17207,Hs,ΐ쌧Hs
17,ΐ쌧,17209,قs,ΐ쌧قs
17,ΐ쌧,17210,Rs,ΐ쌧Rs
17,ΐ쌧,17211,\s,ΐ쌧\s
17,ΐ쌧,17212,Xss,ΐ쌧Xss
17,ΐ쌧,17324,\Sk,ΐ쌧\Sk
17,ΐ쌧,17361,͖kSÔ,ΐ쌧͖kSÔ
17,ΐ쌧,17365,͖kS咬,ΐ쌧͖kS咬
17,ΐ쌧,17384,HSu꒬,ΐ쌧HSu꒬
17,ΐ쌧,17386,HSBu,ΐ쌧HSBu
17,ΐ쌧,17407,S\o,ΐ쌧S\o
17,ΐ쌧,17461,PS,ΐ쌧PS
17,ΐ쌧,17463,PS\o,ΐ쌧PS\o
18,䌧,18201,s,䌧s
18,䌧,18202,։s,䌧։s
18,䌧,18204,ls,䌧ls
18,䌧,18205,s,䌧s
18,䌧,18206,Rs,䌧Rs
18,䌧,18207,I]s,䌧I]s
18,䌧,18208,s,䌧s
18,䌧,18209,zOs,䌧zOs
18,䌧,18210,s,䌧s
18,䌧,18322,gcSi,䌧gcSi
18,䌧,18382,Src,䌧Src
18,䌧,18404,SzO,䌧SzO
18,䌧,18423,OSzO,䌧OSzO
18,䌧,18442,OSl,䌧OSl
18,䌧,18481,ьSl,䌧ьSl
18,䌧,18483,ьS,䌧ьS
18,䌧,18501,O㒆Sዷ,䌧O㒆Sዷ
19,R,19201,b{s,Rb{s
19,R,19202,xmgcs,Rxmgcs
19,R,19204,ss,Rss
19,R,19205,Rs,RRs
19,R,19206,匎s,R匎s
19,R,19207,Bs,RBs
19,R,19208,AvXs,RAvXs
19,R,19209,kms,Rkms
19,R,19210,bs,Rbs
19,R,19211,Js,RJs
19,R,19212,쌴s,R쌴s
19,R,19213,bBs,RbBs
19,R,19214,s,Rs
19,R,19346,SsO,RSsO
19,R,19364,싐S쒬,R싐S쒬
19,R,19365,싐Sg,R싐Sg
19,R,19366,싐S암,R싐S암
19,R,19368,싐Sxm쒬,R싐Sxm쒬
19,R,19384,Sa,RSa
19,R,19422,sSu,RsSu
19,R,19423,sSj,RsSj
19,R,19424,sSE쑺,RsSE쑺
19,R,19425,sSRΑ,RsSRΑ
19,R,19429,sS,RsS
19,R,19430,sSxm͌Β,RsSxm͌Β
19,R,19442,ksS,RksS
19,R,19443,ksSOgR,RksSOgR
20,쌧,20201,s,쌧s
20,쌧,20202,{s,쌧{s
20,쌧,20203,cs,쌧cs
20,쌧,20204,Js,쌧Js
20,쌧,20205,ѓcs,쌧ѓcs
20,쌧,20206,zKs,쌧zKs
20,쌧,20207,{s,쌧{s
20,쌧,20208,s,쌧s
20,쌧,20209,ɓߎs,쌧ɓߎs
20,쌧,20210,s,쌧s
20,쌧,20211,s,쌧s
20,쌧,20212,咬s,쌧咬s
20,쌧,20213,юRs,쌧юRs
20,쌧,20214,s,쌧s
20,쌧,20215,Ks,쌧Ks
20,쌧,20217,vs,쌧vs
20,쌧,20218,Ȏs,쌧Ȏs
20,쌧,20219,s,쌧s
20,쌧,20220,ܖs,쌧ܖs
20,쌧,20303,썲vSC,쌧썲vSC
20,쌧,20304,썲vS㑺,쌧썲vS㑺
20,쌧,20305,썲vSq,쌧썲vSq
20,쌧,20306,썲vS쑊ؑ,쌧썲vS쑊ؑ
20,쌧,20307,썲vSkؑ,쌧썲vSkؑ
20,쌧,20309,썲vSv䒬,쌧썲vSv䒬
20,쌧,20321,kvSy,쌧kvSy
20,쌧,20323,kvSc,쌧kvSc
20,쌧,20324,kvSȒ,쌧kvSȒ
20,쌧,20349,Sؑ,쌧Sؑ
20,쌧,20350,Sa,쌧Sa
20,쌧,20361,zKSzK,쌧zKSzK
20,쌧,20362,zKSxm,쌧zKSxm
20,쌧,20363,zKS,쌧zKS
20,쌧,20382,ɓߌSC쒬,쌧ɓߌSC쒬
20,쌧,20383,ɓߌS֒,쌧ɓߌS֒
20,쌧,20384,ɓߌSѓ,쌧ɓߌSѓ
20,쌧,20385,ɓߌS얥֑,쌧ɓߌS얥֑
20,쌧,20386,ɓߌS쑺,쌧ɓߌS쑺
20,쌧,20388,ɓߌS{c,쌧ɓߌS{c
20,쌧,20402,ɓߌS쒬,쌧ɓߌS쒬
20,쌧,20403,ɓߌSX,쌧ɓߌSX
20,쌧,20404,ɓߌS쒬,쌧ɓߌS쒬
20,쌧,20407,ɓߌSq,쌧ɓߌSq
20,쌧,20409,ɓߌSJ,쌧ɓߌSJ
20,쌧,20410,ɓߌSH,쌧ɓߌSH
20,쌧,20411,ɓߌS,쌧ɓߌS
20,쌧,20412,ɓߌSؑ,쌧ɓߌSؑ
20,쌧,20413,ɓߌSV,쌧ɓߌSV
20,쌧,20414,ɓߌSו,쌧ɓߌSו
20,쌧,20415,ɓߌSؑ,쌧ɓߌSؑ
20,쌧,20416,ɓߌSLu,쌧ɓߌSLu
20,쌧,20417,ɓߌS厭,쌧ɓߌS厭
20,쌧,20422,ؑ]S㏼,쌧ؑ]S㏼
20,쌧,20423,ؑ]Sؑ],쌧ؑ]Sؑ]
20,쌧,20425,ؑ]Sؑc,쌧ؑ]Sؑc
20,쌧,20429,ؑ]Sꑺ,쌧ؑ]Sꑺ
20,쌧,20430,ؑ]SK,쌧ؑ]SK
20,쌧,20432,ؑ]Sؑ],쌧ؑ]Sؑ]
20,쌧,20446,}Sё,쌧}Sё
20,쌧,20448,}S⑺,쌧}S⑺
20,쌧,20450,}SR`,쌧}SR`
20,쌧,20451,}S,쌧}S
20,쌧,20452,}S}k,쌧}S}k
20,쌧,20481,k܌Src,쌧k܌Src
20,쌧,20482,k܌S쑺,쌧k܌S쑺
20,쌧,20485,k܌Sn,쌧k܌Sn
20,쌧,20486,k܌SJ,쌧k܌SJ
20,쌧,20521,ȌS钬,쌧ȌS钬
20,쌧,20541,㍂Sz{,쌧㍂Sz{
20,쌧,20543,㍂SR,쌧㍂SR
20,쌧,20561,SRm,쌧SRm
20,쌧,20562,Sؓ,쌧Sؓ
20,쌧,20563,S򉷐,쌧S򉷐
20,쌧,20583,㐅SMZ,쌧㐅SMZ
20,쌧,20588,㐅S쑺,쌧㐅S쑺
20,쌧,20590,㐅Sэj,쌧㐅Sэj
20,쌧,20602,Sh,쌧Sh
21,򕌌,21201,򕌎s,򕌌򕌎s
21,򕌌,21202,_s,򕌌_s
21,򕌌,21203,Rs,򕌌Rs
21,򕌌,21204,s,򕌌s
21,򕌌,21205,֎s,򕌌֎s
21,򕌌,21206,Ðs,򕌌Ðs
21,򕌌,21207,Zs,򕌌Zs
21,򕌌,21208,Qs,򕌌Qs
21,򕌌,21209,Hs,򕌌Hs
21,򕌌,21210,bߎs,򕌌bߎs
21,򕌌,21211,ZΎs,򕌌ZΎs
21,򕌌,21212,ys,򕌌ys
21,򕌌,21213,es,򕌌es
21,򕌌,21214,s,򕌌s
21,򕌌,21215,Rs,򕌌Rs
21,򕌌,21216,s,򕌌s
21,򕌌,21217,ˎs,򕌌ˎs
21,򕌌,21218,{s,򕌌{s
21,򕌌,21219,Ss,򕌌Ss
21,򕌌,21220,Cs,򕌌Cs
21,򕌌,21221,CÎs,򕌌CÎs
21,򕌌,21302,HS쒬,򕌌HS쒬
21,򕌌,21303,HS},򕌌HS}
21,򕌌,21341,{VS{V,򕌌{VS{V
21,򕌌,21361,sjS䒬,򕌌sjS䒬
21,򕌌,21362,sjSփP,򕌌sjSփP
21,򕌌,21381,S_˒,򕌌S_˒
21,򕌌,21382,S֔V,򕌌S֔V
21,򕌌,21383,S,򕌌S
21,򕌌,21401,KSK쒬,򕌌KSK쒬
21,򕌌,21403,KS쒬,򕌌KS쒬
21,򕌌,21404,KSrc,򕌌KSrc
21,򕌌,21421,{Sk,򕌌{Sk
21,򕌌,21501,ΌSj,򕌌ΌSj
21,򕌌,21502,ΌSx,򕌌ΌSx
21,򕌌,21503,ΌSӒ,򕌌ΌSӒ
21,򕌌,21504,ΌS@,򕌌ΌS@
21,򕌌,21505,ΌSSÒ,򕌌ΌSSÒ
21,򕌌,21506,ΌS쒬,򕌌ΌS쒬
21,򕌌,21507,ΌS쑺,򕌌ΌS쑺
21,򕌌,21521,S䐓,򕌌S䐓
21,򕌌,21604,S쑺,򕌌S쑺
22,É,22101,És,ÉÉs
22,É,22102,Ésx͋,ÉÉsx͋
22,É,22103,És,ÉÉs
22,É,22131,ls,Éls
22,É,22132,ls,Éls
22,É,22133,ls,Éls
22,É,22134,ls,Éls
22,É,22135,lsk,Élsk
22,É,22136,lslk,Élslk
22,É,22137,lsV,ÉlsV
22,É,22203,Îs,ÉÎs
22,É,22205,MCs,ÉMCs
22,É,22206,Os,ÉOs
22,É,22207,xm{s,Éxm{s
22,É,22208,ɓs,Éɓs
22,É,22209,cs,Écs
22,É,22210,xms,Éxms
22,É,22211,֓cs,É֓cs
22,É,22212,ĒÎs,ÉĒÎs
22,É,22213,|s,É|s
22,É,22214,}s,É}s
22,É,22215,as,Éas
22,É,22216,܈s,É܈s
22,É,22219,cs,Écs
22,É,22220,s,És
22,É,22221,ΐs,Éΐs
22,É,22222,ɓs,Éɓs
22,É,22223,Os,ÉOs
22,É,22224,es,Ées
22,É,22225,ɓ̍s,Éɓ̍s
22,É,22226,qVs,ÉqVs
22,É,22301,ΌSɓ,ÉΌSɓ
22,É,22302,ΌS͒Ò,ÉΌS͒Ò
22,É,22304,ΌSɓ,ÉΌSɓ
22,É,22305,ΌS蒬,ÉΌS蒬
22,É,22306,ΌSɓ,ÉΌSɓ
22,É,22325,cS쒬,ÉcS쒬
22,É,22341,xS,ÉxS
22,É,22342,xS,ÉxS
22,É,22344,xSR,ÉxSR
22,É,22424,YSgc,ÉYSgc
22,É,22429,YS썪{,ÉYS썪{
22,É,22461,qSX,ÉqSX
23,m,23101,És,mÉs
23,m,23102,És,mÉs
23,m,23103,Ésk,mÉsk
23,m,23104,És,mÉs
23,m,23105,És,mÉs
23,m,23106,És,mÉs
23,m,23107,Ésa,mÉsa
23,m,23108,És,mÉs
23,m,23109,ÉsMc,mÉsMc
23,m,23110,És,mÉs
23,m,23111,És`,mÉs`
23,m,23112,És,mÉs
23,m,23113,ÉsR,mÉsR
23,m,23114,És΋,mÉs΋
23,m,23115,És,mÉs
23,m,23116,ÉsV,mÉsV
23,m,23201,Ls,mLs
23,m,23202,s,ms
23,m,23203,{s,m{s
23,m,23204,ˎs,mˎs
23,m,23205,cs,mcs
23,m,23206,ts,mts
23,m,23207,Ls,mLs
23,m,23208,Ós,mÓs
23,m,23209,ɓs,mɓs
23,m,23210,Js,mJs
23,m,23211,Lcs,mLcs
23,m,23212,s,ms
23,m,23213,s,ms
23,m,23214,Ss,mSs
23,m,23215,Rs,mRs
23,m,23216,튊s,m튊s
23,m,23217,]s,m]s
23,m,23219,qs,mqs
23,m,23220,s,ms
23,m,23221,Vs,mVs
23,m,23222,Cs,mCs
23,m,23223,{s,m{s
23,m,23224,ms,mms
23,m,23225,ms,mms
23,m,23226,s,ms
23,m,23227,ls,mls
23,m,23228,qs,mqs
23,m,23229,Ls,mLs
23,m,23230,is,mis
23,m,23231,cs,mcs
23,m,23232,s,ms
23,m,23233,{s,m{s
23,m,23234,kÉs,mkÉs
23,m,23235,xs,mxs
23,m,23236,݂悵s,m݂悵s
23,m,23237,܎s,m܎s
23,m,23238,vs,mvs
23,m,23302,mS,mmS
23,m,23342,tSLR,mtSLR
23,m,23361,OHS,mOHS
23,m,23362,OHS}K,mOHS}K
23,m,23424,CS厡,mCS厡
23,m,23425,CSI],mCSI]
23,m,23427,CS򓇑,mCS򓇑
23,m,23441,mSv䒬,mmSv䒬
23,m,23442,mSY,mmSY
23,m,23445,mSm,mmSm
23,m,23446,mSl,mmSl
23,m,23447,mSL,mmSL
23,m,23501,zcSKc,mzcSKc
23,m,23561,k݊yS݊y,mk݊yS݊y
23,m,23562,k݊ySh,mk݊ySh
23,m,23563,k݊ySL,mk݊ySL
24,Od,24201,Îs,OdÎs
24,Od,24202,lss,Odlss
24,Od,24203,ɐs,Odɐs
24,Od,24204,s,Ods
24,Od,24205,Ks,OdKs
24,Od,24207,鎭s,Od鎭s
24,Od,24208,s,Ods
24,Od,24209,hs,Odhs
24,Od,24210,TRs,OdTRs
24,Od,24211,Hs,OdHs
24,Od,24212,Fs,OdFs
24,Od,24214,Ȃ׎s,OdȂ׎s
24,Od,24215,us,Odus
24,Od,24216,ɉs,Odɉs
24,Od,24303,KSؑ],OdKSؑ]
24,Od,24324,ٌS,OdٌS
24,Od,24341,OdSԖ쒬,OdOdSԖ쒬
24,Od,24343,OdS,OdOdS
24,Od,24344,OdSz,OdOdSz
24,Od,24441,CSC,OdCSC
24,Od,24442,CSa,OdCSa
24,Od,24443,CS䒬,OdCS䒬
24,Od,24461,xSʏ钬,OdxSʏ钬
24,Od,24470,xSx,OdxSx
24,Od,24471,xSI,OdxSI
24,Od,24472,xSɐ,OdxSɐ
24,Od,24543,kKSIk,OdkKSIk
24,Od,24561,어KSl,Od어KSl
24,Od,24562,어KSI,Od어KSI
25,ꌧ,25201,Îs,ꌧÎs
25,ꌧ,25202,Fs,ꌧFs
25,ꌧ,25203,ls,ꌧls
25,ꌧ,25204,ߍ]s,ꌧߍ]s
25,ꌧ,25206,Îs,ꌧÎs
25,ꌧ,25207,Rs,ꌧRs
25,ꌧ,25208,Is,ꌧIs
25,ꌧ,25209,bs,ꌧbs
25,ꌧ,25210,Fs,ꌧFs
25,ꌧ,25211,Γs,ꌧΓs
25,ꌧ,25212,s,ꌧs
25,ꌧ,25213,ߍ]s,ꌧߍ]s
25,ꌧ,25214,Čs,ꌧČs
25,ꌧ,25383,S쒬,ꌧS쒬
25,ꌧ,25384,S,ꌧS
25,ꌧ,25425,mS,ꌧmS
25,ꌧ,25441,SL,ꌧSL
25,ꌧ,25442,Sbǒ,ꌧSbǒ
25,ꌧ,25443,S꒬,ꌧS꒬
26,s{,26101,ssk,s{ssk
26,s{,26102,ss㋞,s{ss㋞
26,s{,26103,ss,s{ss
26,s{,26104,ss,s{ss
26,s{,26105,ssR,s{ssR
26,s{,26106,ss,s{ss
26,s{,26107,ss,s{ss
26,s{,26108,ssE,s{ssE
26,s{,26109,ss,s{ss
26,s{,26110,ssRȋ,s{ssRȋ
26,s{,26111,ss,s{ss
26,s{,26201,mRs,s{mRs
26,s{,26202,ߎs,s{ߎs
26,s{,26203,s,s{s
26,s{,26204,Fs,s{Fs
26,s{,26205,{Îs,s{{Îs
26,s{,26206,Ts,s{Ts
26,s{,26207,zs,s{zs
26,s{,26208,s,s{s
26,s{,26209,s,s{s
26,s{,26210,s,s{s
26,s{,26211,cӎs,s{cӎs
26,s{,26212,Os,s{Os
26,s{,26213,Os,s{Os
26,s{,26214,ؒÐs,s{ؒÐs
26,s{,26303,PSR蒬,s{PSR蒬
26,s{,26322,vSvR,s{vSvR
26,s{,26343,ԊS蒬,s{ԊS蒬
26,s{,26344,ԊSFc,s{ԊSFc
26,s{,26364,yS}u,s{yS}u
26,s{,26365,ySa,s{ySa
26,s{,26366,ySؒ,s{ySؒ
26,s{,26367,ySR鑺,s{ySR鑺
26,s{,26407,DSOg,s{DSOg
26,s{,26463,^ӌSɍ,s{^ӌSɍ
26,s{,26465,^ӌS^Ӗ쒬,s{^ӌS^Ӗ쒬
27,{,27102,ss,{ss
27,{,27103,s,{s
27,{,27104,sԋ,{sԋ
27,{,27106,s,{s
27,{,27107,s`,{s`
27,{,27108,s吳,{s吳
27,{,27109,sV,{sV
27,{,27111,sQ,{sQ
27,{,27113,s,{s
27,{,27114,s,{s
27,{,27115,s,{s
27,{,27116,s,{s
27,{,27117,s,{s
27,{,27118,s铌,{s铌
27,{,27119,s{,{s{
27,{,27120,sZg,{sZg
27,{,27121,sZg,{sZg
27,{,27122,s,{s
27,{,27123,s,{s
27,{,27124,sߌ,{sߌ
27,{,27125,sZV],{sZV]
27,{,27126,s,{s
27,{,27127,sk,{sk
27,{,27128,s,{s
27,{,27141,s,{s
27,{,27142,s,{s
27,{,27143,s,{s
27,{,27144,s,{s
27,{,27145,s,{s
27,{,27146,sk,{sk
27,{,27147,s,{s
27,{,27202,ݘacs,{ݘacs
27,{,27203,Ls,{Ls
27,{,27204,rcs,{rcs
27,{,27205,cs,{cs
27,{,27206,Îs,{Îs
27,{,27207,Ύs,{Ύs
27,{,27208,Lˎs,{Lˎs
27,{,27209,s,{s
27,{,27210,s,{s
27,{,27211,؎s,{؎s
27,{,27212,s,{s
27,{,27213,򍲖s,{򍲖s
27,{,27214,xcюs,{xcюs
27,{,27215,Qs,{Qs
27,{,27216,͓s,{͓s
27,{,27217,s,{s
27,{,27218,哌s,{哌s
27,{,27219,as,{as
27,{,27220,ʎs,{ʎs
27,{,27221,s,{s
27,{,27222,Hgs,{Hgs
27,{,27223,^s,{^s
27,{,27224,ےÎs,{ےÎs
27,{,27225,Ύs,{Ύs
27,{,27226,䎛s,{䎛s
27,{,27227,s,{s
27,{,27228,s,{s
27,{,27229,ls,{ls
27,{,27230,s,{s
27,{,27231,㋷Rs,{㋷Rs
27,{,27232,s,{s
27,{,27301,OS{,{OS{
27,{,27321,L\SL\,{L\SL\
27,{,27322,L\S\,{L\S\
27,{,27341,kS,{kS
27,{,27361,SF撬,{SF撬
27,{,27362,ScK,{ScK
27,{,27366,S,{S
27,{,27381,͓Sq,{͓Sq
27,{,27382,͓S͓쒬,{͓S͓쒬
27,{,27383,͓S瑁ԍ㑺,{͓S瑁ԍ㑺
28,Ɍ,28101,_ˎs,Ɍ_ˎs
28,Ɍ,28102,_ˎs,Ɍ_ˎs
28,Ɍ,28105,_ˎsɋ,Ɍ_ˎsɋ
28,Ɍ,28106,_ˎsc,Ɍ_ˎsc
28,Ɍ,28107,_ˎs{,Ɍ_ˎs{
28,Ɍ,28108,_ˎs,Ɍ_ˎs
28,Ɍ,28109,_ˎsk,Ɍ_ˎsk
28,Ɍ,28110,_ˎs,Ɍ_ˎs
28,Ɍ,28111,_ˎs,Ɍ_ˎs
28,Ɍ,28201,PHs,ɌPHs
28,Ɍ,28202,s,Ɍs
28,Ɍ,28203,Ύs,ɌΎs
28,Ɍ,28204,{s,Ɍ{s
28,Ɍ,28205,F{s,ɌF{s
28,Ɍ,28206,s,Ɍs
28,Ɍ,28207,ɒOs,ɌɒOs
28,Ɍ,28208,s,Ɍs
28,Ɍ,28209,Ls,ɌLs
28,Ɍ,28210,Ðs,ɌÐs
28,Ɍ,28212,ԕs,Ɍԕs
28,Ɍ,28213,es,Ɍes
28,Ɍ,28214,ˎs,Ɍˎs
28,Ɍ,28215,O؎s,ɌO؎s
28,Ɍ,28216,s,Ɍs
28,Ɍ,28217,쐼s,Ɍ쐼s
28,Ɍ,28218,s,Ɍs
28,Ɍ,28219,Ocs,ɌOcs
28,Ɍ,28220,s,Ɍs
28,Ɍ,28221,OgRs,ɌOgRs
28,Ɍ,28222,{s,Ɍ{s
28,Ɍ,28223,Ogs,ɌOgs
28,Ɍ,28224,삠킶s,Ɍ삠킶s
28,Ɍ,28225,s,Ɍs
28,Ɍ,28226,WHs,ɌWHs
28,Ɍ,28227,s,Ɍs
28,Ɍ,28228,s,Ɍs
28,Ɍ,28229,̎s,Ɍ̎s
28,Ɍ,28301,ӌS쒬,ɌӌS쒬
28,Ɍ,28365,S,ɌS
28,Ɍ,28381,ÌS,ɌÌS
28,Ɍ,28382,ÌSd,ɌÌSd
28,Ɍ,28442,_Ss쒬,Ɍ_Ss쒬
28,Ɍ,28443,_S蒬,Ɍ_S蒬
28,Ɍ,28446,_S_͒,Ɍ_S_͒
28,Ɍ,28464,KیSq,ɌKیSq
28,Ɍ,28481,ԕSS,ɌԕSS
28,Ɍ,28501,pSp,ɌpSp
28,Ɍ,28585,S,ɌS
28,Ɍ,28586,SV,ɌSV
29,ޗǌ,29201,ޗǎs,ޗǌޗǎs
29,ޗǌ,29202,acs,ޗǌacs
29,ޗǌ,29203,aSRs,ޗǌaSRs
29,ޗǌ,29204,Vs,ޗǌVs
29,ޗǌ,29205,s,ޗǌs
29,ޗǌ,29206,s,ޗǌs
29,ޗǌ,29207,ܞs,ޗǌܞs
29,ޗǌ,29208,䏊s,ޗǌ䏊s
29,ޗǌ,29209,s,ޗǌs
29,ޗǌ,29210,Ŏs,ޗǌŎs
29,ޗǌ,29211,s,ޗǌs
29,ޗǌ,29212,FɎs,ޗǌFɎs
29,ޗǌ,29322,RӌSRY,ޗǌRӌSRY
29,ޗǌ,29342,SQ,ޗǌSQ
29,ޗǌ,29343,SO,ޗǌSO
29,ޗǌ,29344,S,ޗǌS
29,ޗǌ,29345,Sg,ޗǌSg
29,ޗǌ,29361,S쐼,ޗǌS쐼
29,ޗǌ,29362,SO,ޗǌSO
29,ޗǌ,29363,Sc{,ޗǌSc{
29,ޗǌ,29385,FɌS],ޗǌFɌS]
29,ޗǌ,29386,FɌS,ޗǌFɌS
29,ޗǌ,29401,sS撬,ޗǌsS撬
29,ޗǌ,29402,sS,ޗǌsS
29,ޗǌ,29424,kSq,ޗǌkSq
29,ޗǌ,29425,kS,ޗǌkS
29,ޗǌ,29426,kSL˒,ޗǌkSL˒
29,ޗǌ,29427,kS͍,ޗǌkS͍
29,ޗǌ,29441,gSg쒬,ޗǌgSg쒬
29,ޗǌ,29442,gS嗄,ޗǌgS嗄
29,ޗǌ,29443,gSs,ޗǌgSs
29,ޗǌ,29444,gSꑺ,ޗǌgSꑺ
29,ޗǌ,29446,gSV쑺,ޗǌgSV쑺
29,ޗǌ,29447,gS씗쑺,ޗǌgS씗쑺
29,ޗǌ,29449,gS\Ð쑺,ޗǌgS\Ð쑺
29,ޗǌ,29450,gSkR,ޗǌgSkR
29,ޗǌ,29451,gSkR,ޗǌgSkR
29,ޗǌ,29452,gS㑺,ޗǌgS㑺
29,ޗǌ,29453,gSg쑺,ޗǌgSg쑺
30,a̎R,30201,a̎Rs,a̎Ra̎Rs
30,a̎R,30202,Cs,a̎RCs
30,a̎R,30203,{s,a̎R{s
30,a̎R,30204,Lcs,a̎RLcs
30,a̎R,30205,Vs,a̎RVs
30,a̎R,30206,cӎs,a̎Rcӎs
30,a̎R,30207,V{s,a̎RV{s
30,a̎R,30208,I̐s,a̎RI̐s
30,a̎R,30209,os,a̎Ros
30,a̎R,30304,CSI쒬,a̎RCSI쒬
30,a̎R,30341,ɓsS炬,a̎RɓsS炬
30,a̎R,30343,ɓsSxR,a̎RɓsSxR
30,a̎R,30344,ɓsS쒬,a̎RɓsS쒬
30,a̎R,30361,LcS,a̎RLcS
30,a̎R,30362,LcSL쒬,a̎RLcSL쒬
30,a̎R,30366,LcSLc쒬,a̎RLcSLc쒬
30,a̎R,30381,Sl,a̎RSl
30,a̎R,30382,S,a̎RS
30,a̎R,30383,SRǒ,a̎RSRǒ
30,a̎R,30390,S쒬,a̎RS쒬
30,a̎R,30391,S݂Ȃג,a̎RS݂Ȃג
30,a̎R,30392,S쒬,a̎RS쒬
30,a̎R,30401,KSl,a̎RKSl
30,a̎R,30404,KSxc,a̎RKSxc
30,a̎R,30406,KSݒ,a̎RKSݒ
30,a̎R,30421,KSߒqY,a̎RKSߒqY
30,a̎R,30422,KSn,a̎RKSn
30,a̎R,30424,KSÍ쒬,a̎RKSÍ쒬
30,a̎R,30427,KSkR,a̎RKSkR
30,a̎R,30428,KS{,a̎RKS{
31,挧,31201,s,挧s
31,挧,31202,Ďqs,挧Ďqs
31,挧,31203,qgs,挧qgs
31,挧,31204,`s,挧`s
31,挧,31302,S,挧S
31,挧,31325,S,挧S
31,挧,31328,Sq,挧Sq
31,挧,31329,S,挧S
31,挧,31364,SO,挧SO
31,挧,31370,Sl,挧Sl
31,挧,31371,SՉY,挧SՉY
31,挧,31372,Skh,挧Skh
31,挧,31384,SgÑ,挧SgÑ
31,挧,31386,SR,挧SR
31,挧,31389,S암,挧S암
31,挧,31390,S˒,挧S˒
31,挧,31401,S쒬,挧S쒬
31,挧,31402,S쒬,挧S쒬
31,挧,31403,S]{,挧S]{
32,,32201,]s,]s
32,,32202,lcs,lcs
32,,32203,o_s,o_s
32,,32204,vcs,vcs
32,,32205,cs,cs
32,,32206,s,s
32,,32207,]Îs,]Îs
32,,32209,_s,_s
32,,32343,mSo_,mSo_
32,,32386,ѐΌSѓ쒬,ѐΌSѓ쒬
32,,32441,WqS{,WqS{
32,,32448,WqS,WqS
32,,32449,WqSW쒬,WqSW쒬
32,,32501,SØa쒬,SØa쒬
32,,32505,Sg꒬,Sg꒬
32,,32525,BSCm,BSCm
32,,32526,BSm,BSm
32,,32527,BSmv,BSmv
32,,32528,BSB̓,BSB̓
33,R,33101,Rsk,RRsk
33,R,33102,Rs,RRs
33,R,33103,Rs,RRs
33,R,33104,Rs,RRs
33,R,33202,q~s,Rq~s
33,R,33203,ÎRs,RÎRs
33,R,33204,ʖs,Rʖs
33,R,33205,}s,R}s
33,R,33207,䌴s,R䌴s
33,R,33208,Ўs,RЎs
33,R,33209,s,Rs
33,R,33210,Vs,RVs
33,R,33211,Os,ROs
33,R,33212,˓s,R˓s
33,R,33213,Ԕ֎s,RԔ֎s
33,R,33214,^s,R^s
33,R,33215,s,Rs
33,R,33216,s,Rs
33,R,33346,aCSaC,RaCSaC
33,R,33423,sES,RsES
33,R,33445,S,RS
33,R,33461,cS|,RcS|
33,R,33586,^SV,R^SV
33,R,33606,ϓcS쒬,RϓcS쒬
33,R,33622,cS,RcS
33,R,33623,cSދ`,RcSދ`
33,R,33643,pcSq,RpcSq
33,R,33663,vČSvē쒬,RvČSvē쒬
33,R,33666,vČS璬,RvČS璬
33,R,33681,Sg,RSg
34,L,34101,Ls,LLs
34,L,34102,Ls,LLs
34,L,34103,Ls,LLs
34,L,34104,Ls,LLs
34,L,34105,Ls,LLs
34,L,34106,Lsk,LLsk
34,L,34107,Ls|,LLs|
34,L,34108,Ls,LLs
34,L,34202,s,Ls
34,L,34203,|s,L|s
34,L,34204,Os,LOs
34,L,34205,s,Ls
34,L,34207,Rs,LRs
34,L,34208,{s,L{s
34,L,34209,Os,LOs
34,L,34210,s,Ls
34,L,34211,|s,L|s
34,L,34212,Ls,LLs
34,L,34213,ss,Lss
34,L,34214,|cs,L|cs
34,L,34215,]cs,L]cs
34,L,34302,|S{,L|S{
34,L,34304,|SCc,L|SCc
34,L,34307,|SF쒬,L|SF쒬
34,L,34309,|S⒬,L|S⒬
34,L,34368,RS|c,LRS|c
34,L,34369,RSkL,LRSkL
34,L,34431,LcS㓇,LLcS㓇
34,L,34462,S,LS
34,L,34545,_ΌS_΍,L_ΌS_΍
35,R,35201,֎s,R֎s
35,R,35202,Fs,RFs
35,R,35203,Rs,RRs
35,R,35204,s,Rs
35,R,35206,h{s,Rh{s
35,R,35207,s,Rs
35,R,35208,⍑s,R⍑s
35,R,35210,s,Rs
35,R,35211,s,Rs
35,R,35212,s,Rs
35,R,35213,Is,RIs
35,R,35215,s,Rs
35,R,35216,Rzcs,RRzcs
35,R,35305,哇Sh哇,R哇Sh哇
35,R,35321,όSaؒ,RόSaؒ
35,R,35341,FьS֒,RFьS֒
35,R,35343,FьScz{,RFьScz{
35,R,35344,FьS,RFьS
35,R,35502,S,RS
36,,36201,s,s
36,,36202,s,s
36,,36203,s,s
36,,36204,s,s
36,,36205,gs,gs
36,,36206,gs,gs
36,,36207,ns,ns
36,,36208,ODs,ODs
36,,36301,YSY,YSY
36,,36302,YS㏟,YS㏟
36,,36321,S߉͓,S߉͓
36,,36341,SΈ䒬,SΈ䒬
36,,36342,S_R,S_R
36,,36368,߉S߉꒬,߉S߉꒬
36,,36383,CS,CS
36,,36387,CSg,CSg
36,,36388,CSCz,CSCz
36,,36401,SΒ,SΒ
36,,36402,Sk,Sk
36,,36403,SZ,SZ
36,,36404,S쒬,S쒬
36,,36405,S,S
36,,36468,nS邬,nS邬
36,,36489,ODS݂悵,ODS݂悵
37,쌧,37201,s,쌧s
37,쌧,37202,ۋTs,쌧ۋTs
37,쌧,37203,os,쌧os
37,쌧,37204,Pʎs,쌧Pʎs
37,쌧,37205,ωs,쌧ωs
37,쌧,37206,ʂs,쌧ʂs
37,쌧,37207,s,쌧s
37,쌧,37208,OLs,쌧OLs
37,쌧,37322,Sy,쌧Sy
37,쌧,37324,S,쌧S
37,쌧,37341,ؓcSOؒ,쌧ؓcSOؒ
37,쌧,37364,S,쌧S
37,쌧,37386,̌SFÒ,쌧̌SFÒ
37,쌧,37387,̌S쒬,쌧̌S쒬
37,쌧,37403,xSՕ,쌧xSՕ
37,쌧,37404,xSxÒ,쌧xSxÒ
37,쌧,37406,xS܂̂,쌧xS܂̂
38,Q,38201,Rs,QRs
38,Q,38202,s,Qs
38,Q,38203,Fas,QFas
38,Q,38204,ls,Qls
38,Q,38205,Vls,QVls
38,Q,38206,s,Qs
38,Q,38207,Fs,QFs
38,Q,38210,ɗ\s,Qɗ\s
38,Q,38213,ls,Qls
38,Q,38214,\s,Q\s
38,Q,38215,s,Qs
38,Q,38356,zqS㓇,QzqS㓇
38,Q,38386,㕂Sv,Q㕂Sv
38,Q,38401,ɗ\SO,Qɗ\SO
38,Q,38402,ɗ\Su,Qɗ\Su
38,Q,38422,쑽Sq,Q쑽Sq
38,Q,38442,FaSɕ,QFaSɕ
38,Q,38484,kFaS쒬,QkFaS쒬
38,Q,38488,kFaSSk,QkFaSSk
38,Q,38506,FaS쒬,QFaS쒬
39,m,39201,ms,mms
39,m,39202,ˎs,mˎs
39,m,39203,|s,m|s
39,m,39204,썑s,m썑s
39,m,39205,ys,mys
39,m,39206,{s,m{s
39,m,39208,hюs,mhюs
39,m,39209,ys,mys
39,m,39210,l\s,ml\s
39,m,39211,s,ms
39,m,39212,s,ms
39,m,39301,|Sm,m|Sm
39,m,39302,|Sޔ,m|Sޔ
39,m,39303,|Sc쒬,m|Sc쒬
39,m,39304,|Sc,m|Sc
39,m,39305,|Sk쑺,m|Sk쑺
39,m,39306,|SnH,m|SnH
39,m,39307,|S|,m|S|
39,m,39341,S{R,mS{R
39,m,39344,SL,mSL
39,m,39363,ySy,mySy
39,m,39364,yS쑺,myS쑺
39,m,39386,S̒,mS̒
39,m,39387,Sm쒬,mSm쒬
39,m,39401,Sy,mSy
39,m,39402,S쒬,mS쒬
39,m,39403,Szm,mSzm
39,m,39405,S,mS
39,m,39410,S,mS
39,m,39411,SÖ쒬,mSÖ쒬
39,m,39412,Sl\,mSl\
39,m,39424,S匎,mS匎
39,m,39427,SO,mSO
39,m,39428,S,mS
40,,40101,kBsi,kBsi
40,,40103,kBsᏼ,kBsᏼ
40,,40105,kBs˔,kBs˔
40,,40106,kBsqk,kBsqk
40,,40107,kBsq,kBsq
40,,40108,kBs,kBs
40,,40109,kBs,kBs
40,,40131,s,s
40,,40132,s,s
40,,40133,s,s
40,,40134,s,s
40,,40135,s,s
40,,40136,s,s
40,,40137,sǋ,sǋ
40,,40202,喴cs,喴cs
40,,40203,vĎs,vĎs
40,,40204,s,s
40,,40205,ђˎs,ђˎs
40,,40206,cs,cs
40,,40207,s,s
40,,40210,s,s
40,,40211,}s,}s
40,,40212,s,s
40,,40213,ss,ss
40,,40214,LOs,LOs
40,,40215,Ԏs,Ԏs
40,,40216,Ss,Ss
40,,40217,}s,}s
40,,40218,ts,ts
40,,40219,s,s
40,,40220,@s,@s
40,,40221,ɕ{s,ɕ{s
40,,40223,És,És
40,,40224,Îs,Îs
40,,40225,͎s,͎s
40,,40226,{s,{s
40,,40227,Ös,Ös
40,,40228,qs,qs
40,,40229,݂܎s,݂܎s
40,,40230,s,s
40,,40231,߉ϐs,߉ϐs
40,,40341,SF,SF
40,,40342,SI,SI
40,,40343,Suƒ,Suƒ
40,,40344,S{,S{
40,,40345,SV{,SV{
40,,40348,SvR,SvR
40,,40349,S,S
40,,40381,S,S
40,,40382,S,S
40,,40383,S_,S_
40,,40384,S꒬,S꒬
40,,40401,ƎS|,ƎS|
40,,40402,ƎSƎ蒬,ƎSƎ蒬
40,,40421,ÕSj쒬,ÕSj쒬
40,,40447,qS}O,qS}O
40,,40448,qS,qS
40,,40503,OS品,OS品
40,,40522,OkSؒ,OkSؒ
40,,40544,SL쒬,SL쒬
40,,40601,cSt,cSt
40,,40602,cSYc,cSYc
40,,40604,cSc,cSc
40,,40605,cS蒬,cS蒬
40,,40608,cSC,cSC
40,,40609,cSԑ,cSԑ
40,,40610,cSq,cSq
40,,40621,sSc,sSc
40,,40625,sS݂₱,sS݂₱
40,,40642,zSgx,zSgx
40,,40646,zSђ,zSђ
40,,40647,zSz㒬,zSz㒬
41,ꌧ,41201,s,ꌧs
41,ꌧ,41202,Îs,ꌧÎs
41,ꌧ,41203,s,ꌧs
41,ꌧ,41204,vs,ꌧvs
41,ꌧ,41205,ɖs,ꌧɖs
41,ꌧ,41206,Ys,ꌧYs
41,ꌧ,41207,s,ꌧs
41,ꌧ,41208,s,ꌧs
41,ꌧ,41209,s,ꌧs
41,ꌧ,41210,_s,ꌧ_s
41,ꌧ,41327,_Sg샖,ꌧ_Sg샖
41,ꌧ,41341,O{SR,ꌧO{SR
41,ꌧ,41345,O{S,ꌧO{S
41,ꌧ,41346,O{S݂₫,ꌧO{S݂₫
41,ꌧ,41387,YSC,ꌧYSC
41,ꌧ,41401,YSLc,ꌧYSLc
41,ꌧ,41423,nS咬,ꌧnS咬
41,ꌧ,41424,nS]k,ꌧnS]k
41,ꌧ,41425,nSΒ,ꌧnSΒ
41,ꌧ,41441,ÌSǒ,ꌧÌSǒ
42,茧,42201,s,茧s
42,茧,42202,ێs,茧ێs
42,茧,42203,s,茧s
42,茧,42204,|s,茧|s
42,茧,42205,呺s,茧呺s
42,茧,42207,ˎs,茧ˎs
42,茧,42208,Ys,茧Ys
42,茧,42209,Δns,茧Δns
42,茧,42210,s,茧s
42,茧,42211,ܓs,茧ܓs
42,茧,42212,Cs,茧Cs
42,茧,42213,_s,茧_s
42,茧,42214,쓇s,茧쓇s
42,茧,42307,ދnS^,茧ދnS^
42,茧,42308,ދnSÒ,茧ދnSÒ
42,茧,42321,ދnSދn,茧ދnSދn
42,茧,42322,ދnSI,茧ދnSI
42,茧,42323,ދnSg,茧ދnSg
42,茧,42383,kYSl꒬,茧kYSl꒬
42,茧,42391,kYSX,茧kYSX
42,茧,42411,쏼YSVܓ,茧쏼YSVܓ
43,F{,43101,F{s,F{F{s
43,F{,43102,F{s,F{F{s
43,F{,43103,F{s,F{F{s
43,F{,43104,F{s,F{F{s
43,F{,43105,F{sk,F{F{sk
43,F{,43202,s,F{s
43,F{,43203,lgs,F{lgs
43,F{,43204,rs,F{rs
43,F{,43205,s,F{s
43,F{,43206,ʖs,F{ʖs
43,F{,43208,Rs,F{Rs
43,F{,43210,ers,F{ers
43,F{,43211,Fys,F{Fys
43,F{,43212,Vs,F{Vs
43,F{,43213,Fs,F{Fs
43,F{,43214,hs,F{hs
43,F{,43215,Vs,F{Vs
43,F{,43216,us,F{us
43,F{,43348,vS,F{vS
43,F{,43364,ʖSʓ,F{ʖSʓ
43,F{,43367,ʖS֒,F{ʖS֒
43,F{,43368,ʖSF,F{ʖSF
43,F{,43369,ʖSa,F{ʖSa
43,F{,43403,erSÒ,F{erSÒ
43,F{,43404,erSez,F{erSez
43,F{,43423,hS쏬,F{hS쏬
43,F{,43424,hS,F{hS
43,F{,43425,hSYR,F{hSYR
43,F{,43428,hSX,F{hSX
43,F{,43432,hS,F{hS
43,F{,43433,hS숢h,F{hS숢h
43,F{,43441,vSD,F{vSD
43,F{,43442,vSÓ,F{vSÓ
43,F{,43443,vSv钬,F{vSv钬
43,F{,43444,vSb,F{vSb
43,F{,43447,vSRs,F{vSRs
43,F{,43468,SX쒬,F{SX쒬
43,F{,43482,kSk,F{kSk
43,F{,43484,kSÓޖؒ,F{kSÓޖؒ
43,F{,43501,Sђ,F{Sђ
43,F{,43505,Sǖؒ,F{Sǖؒ
43,F{,43506,SO,F{SO
43,F{,43507,S㑺,F{S㑺
43,F{,43510,SǑ,F{SǑ
43,F{,43511,Sܖؑ,F{Sܖؑ
43,F{,43512,SR],F{SR]
43,F{,43513,S,F{S
43,F{,43514,S蒬,F{S蒬
43,F{,43531,VSk,F{VSk
44,啪,44201,啪s,啪啪s
44,啪,44202,ʕ{s,啪ʕ{s
44,啪,44203,Îs,啪Îs
44,啪,44204,cs,啪cs
44,啪,44205,s,啪s
44,啪,44206,Pns,啪Pns
44,啪,44207,Ëvs,啪Ëvs
44,啪,44208,|cs,啪|cs
44,啪,44209,L㍂cs,啪L㍂cs
44,啪,44210,nzs,啪nzs
44,啪,44211,Fs,啪Fs
44,啪,44212,Ls,啪Ls
44,啪,44213,Rzs,啪Rzs
44,啪,44214,s,啪s
44,啪,44322,SP,啪SP
44,啪,44341,So,啪So
44,啪,44461,Sd,啪Sd
44,啪,44462,S쒬,啪S쒬
45,{茧,45201,{s,{茧{s
45,{茧,45202,ss,{茧ss
45,{茧,45203,s,{茧s
45,{茧,45204,s,{茧s
45,{茧,45205,юs,{茧юs
45,{茧,45206,s,{茧s
45,{茧,45207,Ԏs,{茧Ԏs
45,{茧,45208,ss,{茧ss
45,{茧,45209,т̎s,{茧т̎s
45,{茧,45341,kSOҒ,{茧kSOҒ
45,{茧,45361,S,{茧S
45,{茧,45382,Sx,{茧Sx
45,{茧,45383,S,{茧S
45,{茧,45401,S璬,{茧S璬
45,{茧,45402,SVx,{茧SVx
45,{茧,45403,SėǑ,{茧SėǑ
45,{茧,45404,S؏钬,{茧S؏钬
45,{茧,45405,S쒬,{茧S쒬
45,{茧,45406,Ss_,{茧Ss_
45,{茧,45421,PnS쒬,{茧PnS쒬
45,{茧,45429,PnSˑ,{茧PnSˑ
45,{茧,45430,PnSŗt,{茧PnSŗt
45,{茧,45431,PnS,{茧PnS
45,{茧,45441,PnS䒬,{茧PnS䒬
45,{茧,45442,PnSVe,{茧PnSVe
45,{茧,45443,PnS܃,{茧PnS܃
46,,46201,s,s
46,,46203,s,s
46,,46204,s,s
46,,46206,vs,vs
46,,46208,os,os
46,,46210,whs,whs
46,,46213,V\s,V\s
46,,46214,s,s
46,,46215,Fs,Fs
46,,46216,us,us
46,,46217,]s,]s
46,,46218,s,s
46,,46219,ؖs,ؖs
46,,46220,삳܎s,삳܎s
46,,46221,uzus,uzus
46,,46222,s,s
46,,46223,Bs,Bs
46,,46224,ɍs,ɍs
46,,46225,ǎs,ǎs
46,,46303,SO,SO
46,,46304,S\,S\
46,,46392,FSܒ,FSܒ
46,,46404,oS,oS
46,,46452,ǌSN,ǌSN
46,,46468,]S蒬,]S蒬
46,,46482,̑Sǒ,̑Sǒ
46,,46490,̑Sэ],̑Sэ]
46,,46491,̑S,̑S
46,,46492,̑S̕t,̑S̕t
46,,46501,FьSq,FьSq
46,,46502,FьSq,FьSq
46,,46505,FьSv,FьSv
46,,46523,哇Sa,哇Sa
46,,46524,哇SF,哇SF
46,,46525,哇S˓,哇S˓
46,,46527,哇S,哇S
46,,46529,哇SE,哇SE
46,,46530,哇SV,哇SV
46,,46531,哇SV钬,哇SV钬
46,,46532,哇Sɐ咬,哇Sɐ咬
46,,46533,哇Sa,哇Sa
46,,46534,哇Sm,哇Sm
46,,46535,哇S^_,哇S^_
47,ꌧ,47201,ߔes,ꌧߔes
47,ꌧ,47205,Xps,ꌧXps
47,ꌧ,47207,Ί_s,ꌧΊ_s
47,ꌧ,47208,YYs,ꌧYYs
47,ꌧ,47209,s,ꌧs
47,ꌧ,47210,s,ꌧs
47,ꌧ,47211,s,ꌧs
47,ꌧ,47212,Ls,ꌧLs
47,ꌧ,47213,܎s,ꌧ܎s
47,ꌧ,47214,{Ós,ꌧ{Ós
47,ꌧ,47215,s,ꌧs
47,ꌧ,47301,S,ꌧS
47,ꌧ,47302,SX,ꌧSX
47,ꌧ,47303,S,ꌧS
47,ꌧ,47306,SAm,ꌧSAm
47,ꌧ,47308,S{,ꌧS{
47,ꌧ,47311,S[,ꌧS[
47,ꌧ,47313,SX,ꌧSX
47,ꌧ,47314,S,ꌧS
47,ꌧ,47315,Sɍ],ꌧSɍ]
47,ꌧ,47324,SǒJ,ꌧSǒJ
47,ꌧ,47325,SÎ[,ꌧSÎ[
47,ꌧ,47326,SkJ,ꌧSkJ
47,ꌧ,47327,Sk鑺,ꌧSk鑺
47,ꌧ,47328,S鑺,ꌧS鑺
47,ꌧ,47329,S,ꌧS
47,ꌧ,47348,KS^ߌ,ꌧKS^ߌ
47,ꌧ,47350,KS앗,ꌧKS앗
47,ꌧ,47353,KSnÕ~,ꌧKSnÕ~
47,ꌧ,47354,KSԖ,ꌧKSԖ
47,ꌧ,47355,KS,ꌧKS
47,ꌧ,47356,KSn쑺,ꌧKSn쑺
47,ꌧ,47357,KS哌,ꌧKS哌
47,ꌧ,47358,KSk哌,ꌧKSk哌
47,ꌧ,47359,KSɕ,ꌧKSɕ
47,ꌧ,47360,KSɐ,ꌧKSɐ
47,ꌧ,47361,KSvē,ꌧKSvē
47,ꌧ,47362,KSd,ꌧKSd
47,ꌧ,47375,{ÌSǊԑ,ꌧ{ÌSǊԑ
47,ꌧ,47381,dRS|x,ꌧdRS|x
47,ꌧ,47382,dRS^ߍ,ꌧdRS^ߍ
